,time,high,low,open,volumefrom,volumeto,close,conversionType,conversionSymbol
45000,2024-12-11 17:00:00,101095.6,99755.9,100687.18,3360.38,338102803.0,99868.39,direct,
45001,2024-12-11 18:00:00,100891.15,99700.24,99868.39,3824.34,383790122.25,100481.41,direct,
45002,2024-12-11 19:00:00,101284.91,100481.31,100481.41,3517.01,354974436.5,101253.93,direct,
45003,2024-12-11 20:00:00,101813.36,101160.12,101253.93,4612.18,467914028.37,101400.19,direct,
45004,2024-12-11 21:00:00,101634.69,100965.37,101400.19,2792.94,282820073.09,101614.97,direct,
45005,2024-12-11 22:00:00,101979.09,101252.92,101614.97,1517.8,154272435.81,101282.84,direct,
45006,2024-12-11 23:00:00,101584.46,101150.79,101282.84,1348.65,136691017.29,101203.07,direct,
45007,2024-12-12 00:00:00,101276.86,100650.64,101203.07,1451.77,146632041.72,100856.0,direct,
45008,2024-12-12 01:00:00,100937.15,100413.91,100856.0,1560.27,157106168.75,100583.18,direct,
45009,2024-12-12 02:00:00,101920.25,100582.46,100583.18,1729.79,175116790.57,101909.77,direct,
45010,2024-12-12 03:00:00,101920.58,100869.86,101909.77,1775.02,179988594.03,101095.07,direct,
45011,2024-12-12 04:00:00,101254.63,100633.1,101095.07,740.41,74707029.48,100744.57,direct,
45012,2024-12-12 05:00:00,101150.77,100663.61,100744.57,679.05,68523824.28,100665.6,direct,
45013,2024-12-12 06:00:00,100743.7,100444.27,100665.6,507.43,51044430.51,100616.73,direct,
45014,2024-12-12 07:00:00,100852.94,100525.4,100616.73,308.72,31073081.03,100532.08,direct,
45015,2024-12-12 08:00:00,101079.43,100502.38,100532.08,544.07,54874617.9,101014.85,direct,
45016,2024-12-12 09:00:00,101153.81,100836.92,101014.85,424.71,42892802.24,100846.59,direct,
45017,2024-12-12 10:00:00,100847.5,100507.45,100846.59,576.79,58045439.67,100619.64,direct,
45018,2024-12-12 11:00:00,100664.76,100204.19,100619.64,625.65,62809251.52,100384.5,direct,
45019,2024-12-12 12:00:00,100962.71,100381.46,100384.5,1086.42,109448932.56,100854.82,direct,
45020,2024-12-12 13:00:00,101575.82,100599.01,100854.82,3081.26,311460662.53,100944.52,direct,
45021,2024-12-12 14:00:00,101757.71,100643.69,100944.52,4926.9,498839166.53,101744.51,direct,
45022,2024-12-12 15:00:00,101910.84,100744.73,101744.51,5060.92,513297124.24,101859.26,direct,
45023,2024-12-12 16:00:00,102598.04,101510.2,101859.26,5197.76,530828405.94,101510.21,direct,
45024,2024-12-12 17:00:00,101754.15,101265.05,101510.21,2489.13,252692256.87,101663.99,direct,
45025,2024-12-12 18:00:00,101711.38,100853.21,101663.99,2060.62,208779064.39,100881.92,direct,
45026,2024-12-12 19:00:00,101072.13,99311.56,100881.92,4116.17,411815721.41,99487.64,direct,
45027,2024-12-12 20:00:00,100460.72,99476.92,99487.64,3963.33,395958370.34,100046.49,direct,
45028,2024-12-12 21:00:00,100140.89,99722.65,100046.49,1947.66,194601060.22,99789.79,direct,
45029,2024-12-12 22:00:00,100507.4,99539.66,99789.79,1336.63,133648033.8,100474.96,direct,
45030,2024-12-12 23:00:00,100499.47,99911.47,100474.96,1010.18,101218369.85,100041.98,direct,
45031,2024-12-13 00:00:00,100375.01,99968.82,100041.98,874.94,87671030.59,100115.0,direct,
45032,2024-12-13 01:00:00,100169.27,99241.66,100115.0,1199.65,119624204.93,99360.97,direct,
45033,2024-12-13 02:00:00,99704.94,99232.64,99360.97,1325.16,131810287.48,99505.64,direct,
45034,2024-12-13 03:00:00,99810.7,99504.11,99505.64,746.65,74429359.54,99743.71,direct,
45035,2024-12-13 04:00:00,100071.3,99672.95,99743.71,456.56,45597883.31,100018.54,direct,
45036,2024-12-13 05:00:00,100193.07,99878.87,100018.54,318.7,31882687.01,99921.91,direct,
45037,2024-12-13 06:00:00,100117.06,99723.37,99921.91,375.53,37530006.0,99723.37,direct,
45038,2024-12-13 07:00:00,100245.36,99517.84,99723.37,964.08,96396985.3,100161.84,direct,
45039,2024-12-13 08:00:00,100380.25,99915.47,100161.84,501.12,50201304.21,100288.72,direct,
45040,2024-12-13 09:00:00,100346.56,99912.32,100288.72,404.18,40466149.63,100112.69,direct,
45041,2024-12-13 10:00:00,100572.77,99934.79,100112.69,509.15,51063131.21,100483.07,direct,
45042,2024-12-13 11:00:00,100791.26,100321.27,100483.07,642.68,64594454.24,100364.47,direct,
45043,2024-12-13 12:00:00,100471.39,100142.17,100364.47,734.01,73626998.99,100296.42,direct,
45044,2024-12-13 13:00:00,100522.58,99940.4,100296.42,1007.88,100980955.65,100286.25,direct,
45045,2024-12-13 14:00:00,101055.14,100226.19,100286.25,2712.19,273053439.51,101055.14,direct,
45046,2024-12-13 15:00:00,101405.46,99717.92,101055.14,4098.46,413337230.59,99887.7,direct,
45047,2024-12-13 16:00:00,101275.72,99807.93,99887.7,3677.32,369719360.42,100984.17,direct,
45048,2024-12-13 17:00:00,101800.67,100780.54,100984.17,3572.19,361919562.27,101764.5,direct,
45049,2024-12-13 18:00:00,101947.1,101320.6,101764.5,3672.96,373503142.48,101526.33,direct,
45050,2024-12-13 19:00:00,101629.85,101217.15,101526.33,1712.57,173655635.04,101487.59,direct,
45051,2024-12-13 20:00:00,101907.45,101260.91,101487.59,2612.81,265530928.1,101717.27,direct,
45052,2024-12-13 21:00:00,101722.19,101298.33,101717.27,1105.83,112217454.02,101349.59,direct,
45053,2024-12-13 22:00:00,101428.53,101114.88,101349.59,646.46,65461945.86,101270.34,direct,
45054,2024-12-13 23:00:00,101527.5,101146.97,101270.34,768.78,77857818.51,101429.78,direct,
45055,2024-12-14 00:00:00,101535.05,101151.05,101429.78,639.2,64772783.62,101291.19,direct,
45056,2024-12-14 01:00:00,102653.76,101291.13,101291.19,3306.1,337730163.94,102161.63,direct,
45057,2024-12-14 02:00:00,102285.42,101683.07,102161.63,1295.43,132076393.42,102050.1,direct,
45058,2024-12-14 03:00:00,102366.09,102033.94,102050.1,474.11,48443695.96,102101.54,direct,
45059,2024-12-14 04:00:00,102153.51,101604.59,102101.54,510.03,51924483.19,101695.83,direct,
45060,2024-12-14 05:00:00,101837.67,101651.92,101695.83,309.5,31490254.35,101731.19,direct,
45061,2024-12-14 06:00:00,102000.65,101704.02,101731.19,364.08,37106233.43,101907.49,direct,
45062,2024-12-14 07:00:00,101929.64,101637.66,101907.49,227.92,23194109.72,101828.2,direct,
45063,2024-12-14 08:00:00,101872.44,101591.32,101828.2,251.0,25533860.96,101812.03,direct,
45064,2024-12-14 09:00:00,101812.07,101483.69,101812.03,226.69,23032292.94,101551.96,direct,
45065,2024-12-14 10:00:00,101593.85,101323.52,101551.96,274.77,27875494.57,101551.96,direct,
45066,2024-12-14 11:00:00,101699.22,101461.57,101551.96,176.22,17902212.18,101579.49,direct,
45067,2024-12-14 12:00:00,101641.13,101252.11,101579.49,585.75,59401655.53,101298.37,direct,
45068,2024-12-14 13:00:00,101411.13,100828.47,101298.37,1230.63,124434336.08,101176.27,direct,
45069,2024-12-14 14:00:00,101533.78,101159.08,101176.27,603.14,61149436.48,101433.7,direct,
45070,2024-12-14 15:00:00,101735.67,101338.67,101433.7,598.27,60778587.55,101617.44,direct,
45071,2024-12-14 16:00:00,101649.89,101422.41,101617.44,607.28,61653608.74,101643.27,direct,
45072,2024-12-14 17:00:00,101725.12,100891.97,101643.27,887.68,89887984.58,100985.49,direct,
45073,2024-12-14 18:00:00,101185.94,100827.49,100985.49,1040.8,105105876.66,100885.94,direct,
45074,2024-12-14 19:00:00,101345.76,100861.58,100885.94,736.33,74488896.2,101317.5,direct,
45075,2024-12-14 20:00:00,101414.76,100606.28,101317.5,713.67,72075370.26,100747.29,direct,
45076,2024-12-14 21:00:00,101179.5,100747.14,100747.29,631.61,63826914.28,101069.95,direct,
45077,2024-12-14 22:00:00,101253.74,100890.22,101069.95,366.1,37009120.15,101114.39,direct,
45078,2024-12-14 23:00:00,101463.26,101048.66,101114.39,521.43,52816252.61,101402.95,direct,
45079,2024-12-15 00:00:00,101549.39,101228.16,101402.95,452.95,45937531.76,101427.76,direct,
45080,2024-12-15 01:00:00,102157.83,101404.29,101427.76,693.22,70556129.32,102098.24,direct,
45081,2024-12-15 02:00:00,102102.44,101737.9,102098.24,607.02,61853654.6,101798.35,direct,
45082,2024-12-15 03:00:00,101910.76,101700.21,101798.35,312.01,31762234.6,101708.68,direct,
45083,2024-12-15 04:00:00,102803.5,101708.56,101708.68,1675.49,171639212.18,102339.37,direct,
45084,2024-12-15 05:00:00,102472.7,102069.24,102339.37,590.06,60373131.77,102117.58,direct,
45085,2024-12-15 06:00:00,102129.49,101742.81,102117.58,334.9,34152041.84,101742.81,direct,
45086,2024-12-15 07:00:00,101913.07,101520.92,101742.81,269.83,27452296.15,101714.51,direct,
45087,2024-12-15 08:00:00,101990.1,101569.37,101714.51,236.44,24063145.34,101987.76,direct,
45088,2024-12-15 09:00:00,102227.23,101895.3,101987.76,272.36,27807109.9,102224.13,direct,
45089,2024-12-15 10:00:00,102419.95,102130.68,102224.13,368.57,37697600.9,102257.07,direct,
45090,2024-12-15 11:00:00,102651.49,102210.35,102257.07,369.75,37877253.79,102641.2,direct,
45091,2024-12-15 12:00:00,103296.98,102494.02,102641.2,1939.97,199642956.37,102895.35,direct,
45092,2024-12-15 13:00:00,102941.07,102430.35,102895.35,1052.93,108121663.29,102745.71,direct,
45093,2024-12-15 14:00:00,103016.01,102611.53,102745.71,960.0,98704306.99,102947.1,direct,
45094,2024-12-15 15:00:00,102987.81,102659.41,102947.1,800.97,82370066.65,102667.61,direct,
45095,2024-12-15 16:00:00,103425.75,102558.11,102667.61,1720.17,177284429.29,103070.34,direct,
45096,2024-12-15 17:00:00,103313.08,102940.6,103070.34,891.43,91884231.57,103123.48,direct,
45097,2024-12-15 18:00:00,103314.07,102957.38,103123.48,689.83,71137141.42,103155.39,direct,
45098,2024-12-15 19:00:00,103398.15,103145.22,103155.39,578.8,59773099.12,103220.55,direct,
45099,2024-12-15 20:00:00,103367.71,103033.82,103220.55,598.65,61767798.78,103113.4,direct,
45100,2024-12-15 21:00:00,103163.5,102619.82,103113.4,1270.27,130668784.53,102841.85,direct,
45101,2024-12-15 22:00:00,103354.56,102618.48,102841.85,1070.0,110203534.39,103251.13,direct,
45102,2024-12-15 23:00:00,105140.47,103224.5,103251.13,7044.05,735264863.07,104424.54,direct,
45103,2024-12-16 00:00:00,106542.4,104304.34,104424.54,5824.11,614880550.46,105376.05,direct,
45104,2024-12-16 01:00:00,105502.73,104919.63,105376.05,2328.59,245059188.56,105480.44,direct,
45105,2024-12-16 02:00:00,105600.57,104425.27,105480.44,2178.15,228445841.44,104548.18,direct,
45106,2024-12-16 03:00:00,104949.79,104253.14,104548.18,1331.57,139332119.59,104545.23,direct,
45107,2024-12-16 04:00:00,104766.76,104435.63,104545.23,694.45,72643137.2,104649.35,direct,
45108,2024-12-16 05:00:00,105043.32,104459.96,104649.35,529.78,55527179.77,104999.2,direct,
45109,2024-12-16 06:00:00,105330.22,104930.82,104999.2,683.47,71845698.04,105120.99,direct,
45110,2024-12-16 07:00:00,105371.03,104878.13,105120.99,381.08,40071648.88,104956.07,direct,
45111,2024-12-16 08:00:00,104987.45,104475.82,104956.07,575.84,60306877.77,104499.42,direct,
45112,2024-12-16 09:00:00,104916.8,104471.8,104499.42,632.05,66153150.59,104659.22,direct,
45113,2024-12-16 10:00:00,104692.76,104323.23,104659.22,647.84,67724241.38,104640.55,direct,
45114,2024-12-16 11:00:00,104798.67,103612.56,104640.55,784.4,81706952.5,103728.63,direct,
45115,2024-12-16 12:00:00,104108.92,103299.75,103728.63,1799.14,186721529.3,103599.75,direct,
45116,2024-12-16 13:00:00,104086.32,103427.64,103599.75,1550.28,161016433.64,103859.73,direct,
45117,2024-12-16 14:00:00,105987.76,103830.71,103859.73,5151.28,541502645.58,105458.27,direct,
45118,2024-12-16 15:00:00,106499.28,105257.67,105458.27,7248.23,769045024.19,106356.73,direct,
45119,2024-12-16 16:00:00,107157.53,106155.94,106356.73,6030.67,643570286.02,106839.11,direct,
45120,2024-12-16 17:00:00,107226.05,106720.38,106839.11,4194.77,448828445.15,107118.37,direct,
45121,2024-12-16 18:00:00,107829.08,106923.94,107118.37,5045.93,542016717.66,107134.84,direct,
45122,2024-12-16 19:00:00,107138.64,105821.0,107134.84,4731.93,503167064.57,106617.77,direct,
45123,2024-12-16 20:00:00,106685.99,105795.69,106617.77,4023.54,427476616.95,105831.76,direct,
45124,2024-12-16 21:00:00,106295.02,105697.21,105831.76,1740.4,184385306.99,106071.52,direct,
45125,2024-12-16 22:00:00,106308.85,105739.84,106071.52,1068.29,113314675.78,105838.37,direct,
45126,2024-12-16 23:00:00,106097.34,105503.37,105838.37,1263.41,133707720.05,106089.2,direct,
45127,2024-12-17 00:00:00,106266.11,105702.31,106089.2,1625.86,172424638.53,105896.41,direct,
45128,2024-12-17 01:00:00,106465.78,105777.83,105896.41,1334.44,141657255.25,106391.9,direct,
45129,2024-12-17 02:00:00,106596.61,106209.18,106391.9,834.8,88854882.8,106269.07,direct,
45130,2024-12-17 03:00:00,106998.69,106239.93,106269.07,952.87,101690363.94,106880.93,direct,
45131,2024-12-17 04:00:00,106881.93,106416.77,106880.93,510.38,54394333.53,106505.79,direct,
45132,2024-12-17 05:00:00,106817.16,106453.46,106505.79,340.92,36342555.18,106808.61,direct,
45133,2024-12-17 06:00:00,106844.19,106370.21,106808.61,404.48,43100353.72,106544.78,direct,
45134,2024-12-17 07:00:00,107114.3,106463.79,106544.78,741.83,79288803.64,106821.34,direct,
45135,2024-12-17 08:00:00,107513.46,106764.17,106821.34,879.83,94328552.79,107396.66,direct,
45136,2024-12-17 09:00:00,107467.2,107121.43,107396.66,514.98,55251123.4,107298.0,direct,
45137,2024-12-17 10:00:00,107340.89,106931.07,107298.0,473.79,50734181.33,107201.25,direct,
45138,2024-12-17 11:00:00,107322.06,106714.36,107201.25,564.37,60399097.32,106804.21,direct,
45139,2024-12-17 12:00:00,107167.99,106533.63,106804.21,1163.55,124313318.05,107125.36,direct,
45140,2024-12-17 13:00:00,107604.92,106979.23,107125.36,1249.23,134060873.3,107287.45,direct,
45141,2024-12-17 14:00:00,108369.13,107075.99,107287.45,4411.67,475249320.72,108272.5,direct,
45142,2024-12-17 15:00:00,108279.49,105727.41,108272.5,6386.2,681303869.54,106487.1,direct,
45143,2024-12-17 16:00:00,107082.04,106152.08,106487.1,2996.93,319927584.71,107079.28,direct,
45144,2024-12-17 17:00:00,107629.03,106722.28,107079.28,2321.15,249018492.59,107524.43,direct,
45145,2024-12-17 18:00:00,107666.72,106421.44,107524.43,3222.43,345060960.33,106554.56,direct,
45146,2024-12-17 19:00:00,107028.96,106207.83,106554.56,3170.16,337824518.74,106472.72,direct,
45147,2024-12-17 20:00:00,106888.81,106134.48,106472.72,2333.34,248640787.8,106714.89,direct,
45148,2024-12-17 21:00:00,106790.62,106234.07,106714.89,1023.12,108960861.45,106402.57,direct,
45149,2024-12-17 22:00:00,106409.2,105308.99,106402.57,1528.09,161730852.79,105978.29,direct,
45150,2024-12-17 23:00:00,106340.7,105554.27,105978.29,1894.85,200903024.1,106140.14,direct,
45151,2024-12-18 00:00:00,106477.61,105659.23,106140.14,1555.21,164981373.0,106108.89,direct,
45152,2024-12-18 01:00:00,106502.15,104966.47,106108.89,2218.45,234805505.92,105352.49,direct,
45153,2024-12-18 02:00:00,105647.19,105033.94,105352.49,1859.16,195936141.54,105311.23,direct,
45154,2024-12-18 03:00:00,105325.69,104579.33,105311.23,1608.65,168723840.7,104766.97,direct,
45155,2024-12-18 04:00:00,104766.98,103573.18,104766.97,1828.95,190269615.45,103872.88,direct,
45156,2024-12-18 05:00:00,104111.97,103260.02,103872.88,1143.56,118629101.49,103556.15,direct,
45157,2024-12-18 06:00:00,103996.22,103130.19,103556.15,998.32,103488302.84,103761.59,direct,
45158,2024-12-18 07:00:00,104297.47,103702.26,103761.59,702.56,73133538.76,104239.72,direct,
45159,2024-12-18 08:00:00,104363.17,103721.04,104239.72,493.61,51332658.07,103785.82,direct,
45160,2024-12-18 09:00:00,104417.69,103782.7,103785.82,436.3,45443072.05,104029.95,direct,
45161,2024-12-18 10:00:00,104662.47,103965.1,104029.95,572.86,59764665.79,104517.44,direct,
45162,2024-12-18 11:00:00,105006.77,104486.18,104517.44,599.36,62787311.48,104995.29,direct,
45163,2024-12-18 12:00:00,105327.13,104677.52,104995.29,1554.69,163223506.99,104895.82,direct,
45164,2024-12-18 13:00:00,105237.48,104523.01,104895.82,1366.45,143337253.65,104565.74,direct,
45165,2024-12-18 14:00:00,104841.87,103848.73,104565.74,3490.49,364148362.24,104002.76,direct,
45166,2024-12-18 15:00:00,104540.24,103619.42,104002.76,3810.62,396736320.24,104407.32,direct,
45167,2024-12-18 16:00:00,104441.26,103384.46,104407.32,3122.61,324384982.35,104163.91,direct,
45168,2024-12-18 17:00:00,104816.59,103849.47,104163.91,2058.49,214884048.14,104644.98,direct,
45169,2024-12-18 18:00:00,104981.17,104126.9,104644.98,2420.94,253280785.87,104777.27,direct,
45170,2024-12-18 19:00:00,104786.98,102746.66,104777.27,8611.1,892248518.62,102754.02,direct,
45171,2024-12-18 20:00:00,102916.64,100179.91,102754.02,22656.42,2297830503.82,100758.56,direct,
45172,2024-12-18 21:00:00,101652.93,100392.44,100758.56,5900.67,596119603.18,100956.75,direct,
45173,2024-12-18 22:00:00,101495.23,100586.57,100956.75,2048.24,206724387.36,101119.84,direct,
45174,2024-12-18 23:00:00,101136.48,99946.11,101119.84,4036.7,405782390.87,100147.26,direct,
45175,2024-12-19 00:00:00,100920.89,100079.49,100147.26,2324.48,233893127.48,100742.9,direct,
45176,2024-12-19 01:00:00,100827.09,99534.71,100742.9,2352.54,235767723.2,99682.18,direct,
45177,2024-12-19 02:00:00,100444.19,98706.43,99682.18,4759.84,473091598.08,100444.19,direct,
45178,2024-12-19 03:00:00,101236.65,100375.21,100444.19,2633.49,265633914.35,101114.27,direct,
45179,2024-12-19 04:00:00,101157.92,100586.1,101114.27,688.88,69523359.4,100612.39,direct,
45180,2024-12-19 05:00:00,101358.32,100611.73,100612.39,518.25,52421279.36,101248.86,direct,
45181,2024-12-19 06:00:00,101328.83,100950.66,101248.86,401.59,40626183.02,101142.5,direct,
45182,2024-12-19 07:00:00,101680.29,101071.0,101142.5,428.57,43470804.66,101609.58,direct,
45183,2024-12-19 08:00:00,101787.85,101332.02,101609.58,549.75,55853338.81,101607.29,direct,
45184,2024-12-19 09:00:00,101840.32,101505.86,101607.29,473.79,48182000.21,101766.8,direct,
45185,2024-12-19 10:00:00,102574.68,101701.5,101766.8,735.65,75187606.17,102379.95,direct,
45186,2024-12-19 11:00:00,102455.17,102143.55,102379.95,461.51,47214334.79,102398.23,direct,
45187,2024-12-19 12:00:00,102510.2,101820.7,102398.23,1202.29,122846376.73,101934.01,direct,
45188,2024-12-19 13:00:00,102149.45,101617.99,101934.01,1786.19,182062585.74,101898.52,direct,
45189,2024-12-19 14:00:00,102767.84,100693.38,101898.52,4941.54,502933513.61,100901.38,direct,
45190,2024-12-19 15:00:00,101013.5,99414.29,100901.38,7352.01,736310751.85,100609.22,direct,
45191,2024-12-19 16:00:00,101118.39,99800.29,100609.22,4689.43,471268687.32,100625.89,direct,
45192,2024-12-19 17:00:00,100650.68,97331.95,100625.89,8693.87,859403957.31,98703.74,direct,
45193,2024-12-19 18:00:00,98833.6,96745.23,98703.74,8438.11,825891217.17,98810.98,direct,
45194,2024-12-19 19:00:00,98953.74,96146.43,98810.98,6726.47,654701925.02,97097.43,direct,
45195,2024-12-19 20:00:00,97180.95,95555.55,97097.43,11245.4,1083912691.63,96264.16,direct,
45196,2024-12-19 21:00:00,97966.3,95713.48,96264.16,5297.96,514799181.17,97321.72,direct,
45197,2024-12-19 22:00:00,98317.96,97139.63,97321.72,2102.39,205062181.91,98285.58,direct,
45198,2024-12-19 23:00:00,98286.96,97368.57,98285.58,2165.48,211700995.65,97381.1,direct,
45199,2024-12-20 00:00:00,97722.41,96556.65,97381.1,3720.6,361572584.0,97149.94,direct,
45200,2024-12-20 01:00:00,97439.21,96056.7,97149.94,3548.39,343320605.36,96207.16,direct,
45201,2024-12-20 02:00:00,97606.56,95864.78,96207.16,3680.94,355990606.39,97514.95,direct,
45202,2024-12-20 03:00:00,97687.88,96881.02,97514.95,1555.44,151339720.84,97009.85,direct,
45203,2024-12-20 04:00:00,97748.34,96770.99,97009.85,985.89,96009923.92,97217.22,direct,
45204,2024-12-20 05:00:00,97399.29,96598.3,97217.22,617.44,59893577.55,96661.32,direct,
45205,2024-12-20 06:00:00,97222.89,96317.08,96661.32,984.71,95241953.55,97185.06,direct,
45206,2024-12-20 07:00:00,98131.87,97184.71,97185.06,1437.9,140632790.35,97703.46,direct,
45207,2024-12-20 08:00:00,97753.95,95193.62,97703.46,2096.18,201381614.28,95362.74,direct,
45208,2024-12-20 09:00:00,95614.39,94586.29,95362.74,2771.12,263499757.51,94693.14,direct,
45209,2024-12-20 10:00:00,94951.24,93873.08,94693.14,4203.62,397059628.51,94234.46,direct,
45210,2024-12-20 11:00:00,94511.75,92508.09,94234.46,5836.56,544812418.92,92590.73,direct,
45211,2024-12-20 12:00:00,94144.96,92144.03,92590.73,7367.39,685771880.9,93826.27,direct,
45212,2024-12-20 13:00:00,95712.07,93491.57,93826.27,7387.68,700032907.13,95119.16,direct,
45213,2024-12-20 14:00:00,96115.3,94666.16,95119.16,6903.47,658255898.76,95542.51,direct,
45214,2024-12-20 15:00:00,97486.85,95525.49,95542.51,6827.04,659725098.69,96923.17,direct,
45215,2024-12-20 16:00:00,97656.79,96275.57,96923.17,5615.06,545421636.64,96695.9,direct,
45216,2024-12-20 17:00:00,97348.19,96408.86,96695.9,3688.6,357483270.94,97183.4,direct,
45217,2024-12-20 18:00:00,97288.5,96579.98,97183.4,3048.17,295417401.25,96970.47,direct,
45218,2024-12-20 19:00:00,97741.88,96821.57,96970.47,3022.66,294202941.31,97084.4,direct,
45219,2024-12-20 20:00:00,97204.58,96346.02,97084.4,3709.09,359157385.72,96385.19,direct,
45220,2024-12-20 21:00:00,96594.19,95378.12,96385.19,3419.58,328433689.54,96567.26,direct,
45221,2024-12-20 22:00:00,97463.54,96407.57,96567.26,1429.35,138547545.15,97409.8,direct,
45222,2024-12-20 23:00:00,97783.35,97340.27,97409.8,1110.32,108331589.47,97769.49,direct,
45223,2024-12-21 00:00:00,97787.51,97169.42,97769.49,1322.44,128821816.03,97493.29,direct,
45224,2024-12-21 01:00:00,97637.88,97178.15,97493.29,1331.58,129719103.65,97323.15,direct,
45225,2024-12-21 02:00:00,97584.45,97159.07,97323.15,1021.24,99432540.48,97366.75,direct,
45226,2024-12-21 03:00:00,97451.14,97207.68,97366.75,791.33,77004241.34,97450.91,direct,
45227,2024-12-21 04:00:00,97588.06,97335.06,97450.91,333.83,32539423.85,97534.3,direct,
45228,2024-12-21 05:00:00,98640.59,97489.03,97534.3,835.54,81936518.52,98638.86,direct,
45229,2024-12-21 06:00:00,98787.4,98293.81,98638.86,967.34,95333591.14,98677.86,direct,
45230,2024-12-21 07:00:00,99529.45,98451.37,98677.86,2089.01,207259282.86,98983.53,direct,
45231,2024-12-21 08:00:00,99140.18,98434.09,98983.53,618.27,61036167.96,98625.58,direct,
45232,2024-12-21 09:00:00,98652.33,98267.17,98625.58,379.25,37327760.6,98540.64,direct,
45233,2024-12-21 10:00:00,98624.8,98024.53,98540.64,508.71,50032486.02,98102.84,direct,
45234,2024-12-21 11:00:00,98385.95,97771.06,98102.84,469.97,46098112.09,98238.6,direct,
45235,2024-12-21 12:00:00,98265.46,97066.15,98238.6,1765.01,172399702.11,97105.17,direct,
45236,2024-12-21 13:00:00,97459.53,96379.46,97105.17,2991.68,290336969.0,97313.12,direct,
45237,2024-12-21 14:00:00,97714.15,97038.01,97313.12,1837.15,178992065.45,97052.45,direct,
45238,2024-12-21 15:00:00,97690.35,97035.65,97052.45,1244.29,121146266.32,97492.44,direct,
45239,2024-12-21 16:00:00,97673.6,96918.95,97492.44,1832.28,178331789.74,97253.52,direct,
45240,2024-12-21 17:00:00,97666.74,97007.28,97253.52,1686.97,164236967.41,97573.24,direct,
45241,2024-12-21 18:00:00,97691.12,97258.86,97573.24,1052.59,102604454.42,97366.97,direct,
45242,2024-12-21 19:00:00,97401.71,96781.78,97366.97,1283.46,124489296.18,97216.32,direct,
45243,2024-12-21 20:00:00,97998.25,97184.77,97216.32,1576.57,153885380.83,97415.73,direct,
45244,2024-12-21 21:00:00,97539.48,96508.19,97415.73,1712.88,166274966.27,96849.31,direct,
45245,2024-12-21 22:00:00,97334.31,96579.73,96849.31,1180.83,114451124.91,97086.46,direct,
45246,2024-12-21 23:00:00,97260.3,96850.32,97086.46,965.28,93668244.57,97223.39,direct,
45247,2024-12-22 00:00:00,97387.01,96999.23,97223.39,1246.6,121125748.76,97191.16,direct,
45248,2024-12-22 01:00:00,97371.94,96666.55,97191.16,1099.38,106712344.72,96998.6,direct,
45249,2024-12-22 02:00:00,97174.5,96556.19,96998.6,985.43,95418895.36,96665.32,direct,
45250,2024-12-22 03:00:00,97251.17,96501.53,96665.32,1103.38,106888178.41,96932.19,direct,
45251,2024-12-22 04:00:00,97017.71,96014.32,96932.19,610.72,58896947.51,96025.48,direct,
45252,2024-12-22 05:00:00,96353.4,95844.76,96025.48,725.15,69667626.47,96111.96,direct,
45253,2024-12-22 06:00:00,96683.67,96064.34,96111.96,368.13,35487786.08,96682.38,direct,
45254,2024-12-22 07:00:00,96787.29,96023.6,96682.38,282.03,27170792.35,96137.32,direct,
45255,2024-12-22 08:00:00,96619.38,96125.8,96137.32,244.81,23603865.05,96473.48,direct,
45256,2024-12-22 09:00:00,97177.2,96259.35,96473.48,669.56,64853627.42,96874.6,direct,
45257,2024-12-22 10:00:00,97287.01,96790.01,96874.6,423.19,41074914.71,96932.56,direct,
45258,2024-12-22 11:00:00,97265.24,96900.97,96932.56,205.88,19987713.93,97041.69,direct,
45259,2024-12-22 12:00:00,97230.91,96775.63,97041.69,629.01,61019389.43,96931.14,direct,
45260,2024-12-22 13:00:00,97191.48,96783.66,96931.14,689.65,66888159.78,96923.15,direct,
45261,2024-12-22 14:00:00,96996.81,95216.45,96923.15,2792.81,267796607.98,95278.9,direct,
45262,2024-12-22 15:00:00,95580.23,95067.18,95278.9,2596.61,247530813.95,95306.19,direct,
45263,2024-12-22 16:00:00,95802.74,95130.75,95306.19,1726.47,164914451.99,95651.84,direct,
45264,2024-12-22 17:00:00,95795.91,95400.49,95651.84,1182.82,113102167.09,95559.17,direct,
45265,2024-12-22 18:00:00,96383.52,95332.63,95559.17,2004.13,192167237.34,95888.91,direct,
45266,2024-12-22 19:00:00,96080.15,94614.04,95888.91,2174.91,207330365.44,94744.9,direct,
45267,2024-12-22 20:00:00,95526.82,94337.92,94744.9,2448.59,232122624.88,95497.94,direct,
45268,2024-12-22 21:00:00,95650.48,94994.25,95497.94,1569.29,149683060.4,95110.9,direct,
45269,2024-12-22 22:00:00,95530.14,94186.04,95110.9,2330.51,220919094.47,95451.54,direct,
45270,2024-12-22 23:00:00,95718.98,94931.52,95451.54,1552.68,147917730.19,95098.66,direct,
45271,2024-12-23 00:00:00,95324.22,94262.15,95098.66,1965.3,186093306.06,94311.91,direct,
45272,2024-12-23 01:00:00,95006.43,93675.94,94311.91,3178.16,299864848.52,94376.6,direct,
45273,2024-12-23 02:00:00,94663.63,93633.39,94376.6,3298.21,310425990.07,94615.16,direct,
45274,2024-12-23 03:00:00,95931.9,94511.77,94615.16,2196.46,209337614.35,95913.67,direct,
45275,2024-12-23 04:00:00,96419.66,95561.1,95913.67,1048.55,100675629.54,95756.45,direct,
45276,2024-12-23 05:00:00,95886.28,95267.36,95756.45,520.79,49770958.65,95531.18,direct,
45277,2024-12-23 06:00:00,95571.44,94633.09,95531.18,680.06,64627358.79,94744.43,direct,
45278,2024-12-23 07:00:00,95490.72,94744.43,94744.43,744.15,70793010.34,95317.86,direct,
45279,2024-12-23 08:00:00,95479.16,94957.11,95317.86,509.11,48471471.82,95428.83,direct,
45280,2024-12-23 09:00:00,96081.71,95414.58,95428.83,704.95,67588141.17,95921.59,direct,
45281,2024-12-23 10:00:00,96340.3,95877.74,95921.59,589.36,56608032.26,96286.33,direct,
45282,2024-12-23 11:00:00,96428.13,95719.67,96286.33,492.08,47238918.46,95825.07,direct,
45283,2024-12-23 12:00:00,96307.78,95748.76,95825.07,1394.13,133927076.05,96200.24,direct,
45284,2024-12-23 13:00:00,96243.09,94726.13,96200.24,2183.32,208201177.36,94816.01,direct,
45285,2024-12-23 14:00:00,95505.75,93585.59,94816.01,4901.96,463411472.69,94262.12,direct,
45286,2024-12-23 15:00:00,94307.87,92997.29,94262.12,6740.43,630079779.96,93137.0,direct,
45287,2024-12-23 16:00:00,94130.34,92816.79,93137.0,4675.52,436335315.38,93849.58,direct,
45288,2024-12-23 17:00:00,94004.67,93104.63,93849.58,3630.09,339147847.21,93259.93,direct,
45289,2024-12-23 18:00:00,93632.05,92560.23,93259.93,3274.65,304844904.25,92621.75,direct,
45290,2024-12-23 19:00:00,93583.57,92568.96,92621.75,2829.44,263425806.57,92919.68,direct,
45291,2024-12-23 20:00:00,93375.54,92378.53,92919.68,5159.78,478862661.54,93035.63,direct,
45292,2024-12-23 21:00:00,94159.71,93030.08,93035.63,3441.05,322780343.01,93847.49,direct,
45293,2024-12-23 22:00:00,95064.3,93784.36,93847.49,1505.62,142084337.88,95064.13,direct,
45294,2024-12-23 23:00:00,95390.07,94563.37,95064.13,1976.14,187685366.64,94771.64,direct,
45295,2024-12-24 00:00:00,94773.0,94023.07,94771.64,1811.13,170897165.55,94435.54,direct,
45296,2024-12-24 01:00:00,94546.52,93919.87,94435.54,1345.18,126737188.25,94005.72,direct,
45297,2024-12-24 02:00:00,94211.85,93437.9,94005.72,1670.73,156745469.6,93830.93,direct,
45298,2024-12-24 03:00:00,94273.08,93699.8,93830.93,1101.64,103537744.7,94223.67,direct,
45299,2024-12-24 04:00:00,94293.79,93914.8,94223.67,627.9,59113445.01,94293.79,direct,
45300,2024-12-24 05:00:00,94534.79,94193.61,94293.79,352.95,33315047.32,94480.71,direct,
45301,2024-12-24 06:00:00,94481.98,93720.17,94480.71,365.25,34372297.07,93803.94,direct,
45302,2024-12-24 07:00:00,94168.38,93693.43,93803.94,226.23,21251703.9,94096.98,direct,
45303,2024-12-24 08:00:00,94502.31,93996.61,94096.98,456.59,43064893.36,94368.78,direct,
45304,2024-12-24 09:00:00,94404.08,93825.76,94368.78,391.48,36816603.99,93945.67,direct,
45305,2024-12-24 10:00:00,94046.82,93711.62,93945.67,507.71,47643939.64,93832.08,direct,
45306,2024-12-24 11:00:00,94283.17,93788.29,93832.08,383.98,36111812.51,94258.82,direct,
45307,2024-12-24 12:00:00,94272.21,93929.44,94258.82,729.24,68615100.93,94158.67,direct,
45308,2024-12-24 13:00:00,95977.04,94146.19,94158.67,2053.71,195316321.53,95972.72,direct,
45309,2024-12-24 14:00:00,97435.88,95753.51,95972.72,4492.23,434164322.27,97395.23,direct,
45310,2024-12-24 15:00:00,98228.66,97189.59,97395.23,3996.66,390197738.78,98228.66,direct,
45311,2024-12-24 16:00:00,98642.5,97915.28,98228.66,4645.54,456345446.42,98467.26,direct,
45312,2024-12-24 17:00:00,98998.72,98298.53,98467.26,4394.09,433576808.82,98780.76,direct,
45313,2024-12-24 18:00:00,99439.54,98376.5,98780.76,3227.06,318984410.85,98573.26,direct,
45314,2024-12-24 19:00:00,98693.93,97507.9,98573.26,1935.22,189932700.93,97564.48,direct,
45315,2024-12-24 20:00:00,97992.56,97193.85,97564.48,2795.42,272886232.93,97225.44,direct,
45316,2024-12-24 21:00:00,98381.61,97211.29,97225.44,1486.92,145646237.85,98322.37,direct,
45317,2024-12-24 22:00:00,99003.59,98278.31,98322.37,1152.05,113650885.98,98700.3,direct,
45318,2024-12-24 23:00:00,98968.62,98430.63,98700.3,796.7,78651307.59,98606.93,direct,
45319,2024-12-25 00:00:00,98804.36,98349.56,98606.93,1172.1,115515045.92,98358.97,direct,
45320,2024-12-25 01:00:00,98525.63,97834.4,98358.97,1041.93,102286088.46,97915.4,direct,
45321,2024-12-25 02:00:00,98280.22,97651.65,97915.4,971.3,95154095.32,98061.74,direct,
45322,2024-12-25 03:00:00,98202.54,97860.12,98061.74,720.12,70602293.29,97958.89,direct,
45323,2024-12-25 04:00:00,98283.17,97810.73,97958.89,277.78,27239781.85,98168.64,direct,
45324,2024-12-25 05:00:00,98279.24,98089.62,98168.64,151.15,14839792.02,98202.42,direct,
45325,2024-12-25 06:00:00,98482.7,97777.01,98202.42,302.43,29655491.38,97813.37,direct,
45326,2024-12-25 07:00:00,98290.45,97792.07,97813.37,241.19,23643170.18,98010.23,direct,
45327,2024-12-25 08:00:00,98191.76,97856.91,98010.23,220.12,21576511.38,97998.74,direct,
45328,2024-12-25 09:00:00,98188.43,97926.1,97998.74,180.44,17689916.19,98108.81,direct,
45329,2024-12-25 10:00:00,99253.92,98072.49,98108.81,1151.33,113659185.3,98371.85,direct,
45330,2024-12-25 11:00:00,98796.09,97712.23,98371.85,720.65,70902983.38,97828.68,direct,
45331,2024-12-25 12:00:00,98527.47,97568.85,97828.68,2285.73,224154117.6,98100.63,direct,
45332,2024-12-25 13:00:00,98537.96,98049.23,98100.63,1082.0,106379229.6,98387.28,direct,
45333,2024-12-25 14:00:00,98747.15,98192.0,98387.28,1026.75,101188718.58,98626.51,direct,
45334,2024-12-25 15:00:00,98646.01,98119.79,98626.51,1216.06,119651867.82,98433.05,direct,
45335,2024-12-25 16:00:00,98605.1,98045.88,98433.05,1081.54,106297690.29,98328.56,direct,
45336,2024-12-25 17:00:00,98567.81,98093.98,98328.56,875.86,86133217.95,98474.32,direct,
45337,2024-12-25 18:00:00,98874.38,98452.84,98474.32,1108.46,109452988.62,98653.25,direct,
45338,2024-12-25 19:00:00,99200.07,98632.93,98653.25,778.96,77085477.56,98929.1,direct,
45339,2024-12-25 20:00:00,99317.48,98805.46,98929.1,1132.64,112203531.9,99065.15,direct,
45340,2024-12-25 21:00:00,99484.75,98306.07,99065.15,1811.91,178909237.54,98434.85,direct,
45341,2024-12-25 22:00:00,99023.6,98359.47,98434.85,777.26,76671193.41,98730.37,direct,
45342,2024-12-25 23:00:00,99481.5,98728.72,98730.37,1473.84,146158373.16,99356.06,direct,
45343,2024-12-26 00:00:00,99888.75,98886.11,99356.06,2068.96,205650992.3,98964.55,direct,
45344,2024-12-26 01:00:00,99191.55,98517.89,98964.55,1595.86,157713517.55,98993.16,direct,
45345,2024-12-26 02:00:00,99121.08,98410.47,98993.16,1445.71,142845194.95,98672.59,direct,
45346,2024-12-26 03:00:00,99064.49,98495.98,98672.59,1047.14,103397064.89,98925.64,direct,
45347,2024-12-26 04:00:00,98925.73,98180.17,98925.64,609.82,60037657.06,98215.11,direct,
45348,2024-12-26 05:00:00,98367.44,97999.07,98215.11,397.83,39058743.51,98284.13,direct,
45349,2024-12-26 06:00:00,98383.62,97933.0,98284.13,237.21,23266413.37,98025.23,direct,
45350,2024-12-26 07:00:00,98195.55,97635.51,98025.23,582.44,56961170.59,97663.83,direct,
45351,2024-12-26 08:00:00,97704.17,95537.91,97663.83,2212.1,213478912.96,95812.09,direct,
45352,2024-12-26 09:00:00,95889.78,95325.57,95812.09,1053.59,100660927.04,95335.85,direct,
45353,2024-12-26 10:00:00,95663.79,95098.08,95335.85,671.33,64008198.31,95398.16,direct,
45354,2024-12-26 11:00:00,95915.41,95363.83,95398.16,598.48,57251990.02,95585.03,direct,
45355,2024-12-26 12:00:00,95773.2,95344.56,95585.03,1278.91,122181667.25,95571.25,direct,
45356,2024-12-26 13:00:00,95661.73,95174.41,95571.25,1586.64,151340502.3,95599.54,direct,
45357,2024-12-26 14:00:00,96173.9,95126.05,95599.54,3158.52,301906751.68,95359.2,direct,
45358,2024-12-26 15:00:00,96142.61,95157.44,95359.2,3442.45,329383108.37,95968.23,direct,
45359,2024-12-26 16:00:00,96563.65,95720.25,95968.23,2720.12,261536289.79,96449.6,direct,
45360,2024-12-26 17:00:00,96476.25,95608.86,96449.6,2355.62,226120258.68,95737.58,direct,
45361,2024-12-26 18:00:00,95906.03,95386.29,95737.58,2091.03,200017979.18,95660.0,direct,
45362,2024-12-26 19:00:00,96122.62,95354.49,95660.0,1780.18,170196418.77,96027.78,direct,
45363,2024-12-26 20:00:00,96039.36,95277.83,96027.78,4002.31,382395008.06,95476.92,direct,
45364,2024-12-26 21:00:00,95826.01,95203.98,95476.92,1678.57,160352290.52,95701.86,direct,
45365,2024-12-26 22:00:00,95856.83,95527.46,95701.86,598.87,57312193.68,95716.44,direct,
45366,2024-12-26 23:00:00,95780.09,95273.15,95716.44,1223.85,116934342.36,95680.19,direct,
45367,2024-12-27 00:00:00,95816.7,95287.56,95680.19,1377.69,131656107.71,95669.1,direct,
45368,2024-12-27 01:00:00,96110.3,95450.54,95669.1,1338.16,128189815.91,95785.83,direct,
45369,2024-12-27 02:00:00,96294.48,95587.37,95785.83,1431.76,137486564.84,95933.61,direct,
45370,2024-12-27 03:00:00,96319.89,95857.02,95933.61,1272.06,122281095.57,96297.08,direct,
45371,2024-12-27 04:00:00,96456.54,96113.63,96297.08,596.91,57482466.0,96180.14,direct,
45372,2024-12-27 05:00:00,96200.4,95868.42,96180.14,350.84,33693356.92,96131.87,direct,
45373,2024-12-27 06:00:00,96478.44,95999.62,96131.87,459.22,44202101.1,96478.4,direct,
45374,2024-12-27 07:00:00,96495.53,94557.54,96478.4,2659.87,253066793.41,94985.9,direct,
45375,2024-12-27 08:00:00,96276.67,94984.21,94985.9,1118.08,107039581.33,95597.53,direct,
45376,2024-12-27 09:00:00,97351.17,95549.41,95597.53,1887.67,182819499.22,96670.84,direct,
45377,2024-12-27 10:00:00,96900.58,96078.17,96670.84,740.75,71450886.93,96490.04,direct,
45378,2024-12-27 11:00:00,96844.37,96264.58,96490.04,440.02,42467018.55,96841.97,direct,
45379,2024-12-27 12:00:00,96927.86,96514.98,96841.97,1277.81,123555292.84,96578.34,direct,
45380,2024-12-27 13:00:00,96578.45,96165.01,96578.34,1653.87,159339194.17,96314.52,direct,
45381,2024-12-27 14:00:00,96380.81,95045.23,96314.52,3625.75,346978573.93,95567.12,direct,
45382,2024-12-27 15:00:00,95596.09,93854.82,95567.12,7210.02,681329340.14,94431.08,direct,
45383,2024-12-27 16:00:00,94854.95,93950.81,94431.08,4257.6,401484301.37,94011.14,direct,
45384,2024-12-27 17:00:00,94178.95,93270.34,94011.14,5046.2,473238799.13,94145.01,direct,
45385,2024-12-27 18:00:00,94622.27,94085.47,94145.01,1975.42,186443789.69,94425.94,direct,
45386,2024-12-27 19:00:00,94655.29,94109.7,94425.94,1895.16,178771946.81,94610.42,direct,
45387,2024-12-27 20:00:00,94633.47,94186.2,94610.42,3218.88,303816689.03,94442.43,direct,
45388,2024-12-27 21:00:00,94700.58,94254.87,94442.43,1447.51,136780361.19,94400.39,direct,
45389,2024-12-27 22:00:00,94540.7,94069.84,94400.39,807.48,76140239.91,94306.31,direct,
45390,2024-12-27 23:00:00,94396.38,93999.35,94306.31,1060.57,99940879.34,94170.09,direct,
45391,2024-12-28 00:00:00,94394.86,94129.46,94170.09,970.53,91482553.17,94264.62,direct,
45392,2024-12-28 01:00:00,94481.02,94008.53,94264.62,879.05,82837256.44,94417.56,direct,
45393,2024-12-28 02:00:00,94490.3,94147.27,94417.56,686.82,64809372.8,94199.25,direct,
45394,2024-12-28 03:00:00,94577.18,94198.84,94199.25,459.21,43357918.59,94450.63,direct,
45395,2024-12-28 04:00:00,94498.67,94360.5,94450.63,175.11,16536758.76,94387.0,direct,
45396,2024-12-28 05:00:00,94646.48,94382.36,94387.0,268.56,25388069.48,94482.14,direct,
45397,2024-12-28 06:00:00,94577.22,94263.38,94482.14,203.7,19227969.74,94322.36,direct,
45398,2024-12-28 07:00:00,94488.35,94145.75,94322.36,222.94,21026059.87,94218.59,direct,
45399,2024-12-28 08:00:00,94382.73,94154.01,94218.59,203.4,19180612.53,94332.46,direct,
45400,2024-12-28 09:00:00,94536.67,94320.79,94332.46,294.59,27834056.51,94437.87,direct,
45401,2024-12-28 10:00:00,94572.06,94346.09,94437.87,363.88,34389088.95,94480.9,direct,
45402,2024-12-28 11:00:00,94732.08,94451.54,94480.9,257.54,24357685.1,94602.84,direct,
45403,2024-12-28 12:00:00,94724.04,94449.06,94602.84,494.74,46792036.41,94454.35,direct,
45404,2024-12-28 13:00:00,94601.88,94334.09,94454.35,536.79,50728963.09,94510.13,direct,
45405,2024-12-28 14:00:00,95167.34,94259.27,94510.13,1529.91,144851383.75,94428.21,direct,
45406,2024-12-28 15:00:00,94662.34,94204.42,94428.21,1096.54,103573803.64,94291.11,direct,
45407,2024-12-28 16:00:00,94765.1,94241.16,94291.11,802.38,75797293.01,94710.53,direct,
45408,2024-12-28 17:00:00,95078.35,94653.73,94710.53,1196.33,113543976.5,94866.34,direct,
45409,2024-12-28 18:00:00,94945.45,94550.47,94866.34,632.65,59951182.18,94685.48,direct,
45410,2024-12-28 19:00:00,94974.01,94680.81,94685.48,502.58,47677282.32,94863.04,direct,
45411,2024-12-28 20:00:00,94982.34,94711.53,94863.04,436.95,41425618.76,94912.68,direct,
45412,2024-12-28 21:00:00,95048.31,94795.33,94912.68,387.64,36787499.63,94996.51,direct,
45413,2024-12-28 22:00:00,95542.25,94876.8,94996.51,756.42,71950705.79,95154.9,direct,
45414,2024-12-28 23:00:00,95251.11,94951.13,95154.9,801.43,76236399.47,95140.15,direct,
45415,2024-12-29 00:00:00,95175.67,94890.06,95140.15,700.07,66511410.02,94991.04,direct,
45416,2024-12-29 01:00:00,95054.05,94667.67,94991.04,548.77,52043764.45,94705.4,direct,
45417,2024-12-29 02:00:00,95051.8,94699.22,94705.4,442.05,41964108.06,94997.69,direct,
45418,2024-12-29 03:00:00,95052.94,94822.79,94997.69,338.92,32181907.27,95011.15,direct,
45419,2024-12-29 04:00:00,95117.95,94905.44,95011.15,111.16,10565045.16,94965.21,direct,
45420,2024-12-29 05:00:00,95039.72,94915.49,94965.21,107.56,10217117.23,94975.06,direct,
45421,2024-12-29 06:00:00,95061.96,94820.93,94975.06,122.42,11625351.04,95032.73,direct,
45422,2024-12-29 07:00:00,95116.51,94920.08,95032.73,146.59,13931565.16,95116.51,direct,
45423,2024-12-29 08:00:00,95156.76,94929.55,95116.51,100.79,9579329.92,94979.4,direct,
45424,2024-12-29 09:00:00,95061.83,94905.74,94979.4,152.7,14508187.39,95040.85,direct,
45425,2024-12-29 10:00:00,95132.01,94953.8,95040.85,160.02,15210231.56,95020.3,direct,
45426,2024-12-29 11:00:00,95039.34,94878.23,95020.3,144.39,13715000.27,94894.12,direct,
45427,2024-12-29 12:00:00,94997.02,94759.97,94894.12,365.04,34623986.97,94765.93,direct,
45428,2024-12-29 13:00:00,94863.84,94616.34,94765.93,549.53,52086053.29,94781.14,direct,
45429,2024-12-29 14:00:00,95080.71,93893.04,94781.14,2423.09,228588217.87,94474.17,direct,
45430,2024-12-29 15:00:00,94656.33,94254.3,94474.17,1051.85,99348996.82,94360.66,direct,
45431,2024-12-29 16:00:00,94419.46,93428.73,94360.66,1670.33,156689570.23,93747.72,direct,
45432,2024-12-29 17:00:00,93950.6,93648.2,93747.72,975.84,91526491.13,93795.15,direct,
45433,2024-12-29 18:00:00,93797.48,93438.66,93795.15,1057.66,99007124.98,93507.18,direct,
45434,2024-12-29 19:00:00,93712.93,93224.38,93507.18,1180.38,110324184.58,93441.34,direct,
45435,2024-12-29 20:00:00,93693.57,93190.54,93441.34,1026.92,95901879.45,93677.81,direct,
45436,2024-12-29 21:00:00,93766.26,92991.86,93677.81,1371.07,128080774.92,93209.2,direct,
45437,2024-12-29 22:00:00,93594.28,92920.15,93209.2,1311.76,122236719.83,92970.99,direct,
45438,2024-12-29 23:00:00,93697.72,92850.44,92970.99,1863.01,173667718.23,93564.85,direct,
45439,2024-12-30 00:00:00,93737.07,93336.1,93564.85,1540.78,144004548.76,93408.22,direct,
45440,2024-12-30 01:00:00,94079.69,93192.1,93408.22,2326.46,217667023.54,93743.37,direct,
45441,2024-12-30 02:00:00,93779.32,93234.43,93743.37,1677.57,156786703.97,93709.41,direct,
45442,2024-12-30 03:00:00,93877.12,93445.82,93709.41,1060.52,99376360.39,93514.05,direct,
45443,2024-12-30 04:00:00,93750.04,93072.97,93514.05,596.48,55710250.14,93084.21,direct,
45444,2024-12-30 05:00:00,93381.01,93044.14,93084.21,517.84,48254345.27,93381.01,direct,
45445,2024-12-30 06:00:00,93839.53,93317.06,93381.01,492.43,46103252.79,93695.57,direct,
45446,2024-12-30 07:00:00,93745.89,93154.82,93695.57,453.82,42396756.89,93551.97,direct,
45447,2024-12-30 08:00:00,93778.48,93538.85,93551.97,447.01,41873941.75,93683.48,direct,
45448,2024-12-30 09:00:00,93856.41,93512.7,93683.48,358.4,33585726.4,93719.11,direct,
45449,2024-12-30 10:00:00,93891.82,93549.56,93719.11,276.5,25917072.05,93625.42,direct,
45450,2024-12-30 11:00:00,93780.92,93306.82,93625.42,429.61,40183274.33,93755.49,direct,
45451,2024-12-30 12:00:00,94117.81,93594.34,93755.49,1434.09,134529397.74,93627.16,direct,
45452,2024-12-30 13:00:00,93698.24,92431.66,93627.16,3721.76,345901245.73,92504.64,direct,
45453,2024-12-30 14:00:00,92958.27,91638.34,92504.64,6477.9,597877371.1,91675.28,direct,
45454,2024-12-30 15:00:00,92275.72,91310.52,91675.28,6881.45,630590454.72,91953.46,direct,
45455,2024-12-30 16:00:00,92062.28,91647.56,91953.46,2835.87,260505890.73,91959.15,direct,
45456,2024-12-30 17:00:00,94052.37,91817.59,91959.15,4814.02,447616125.33,93694.16,direct,
45457,2024-12-30 18:00:00,94586.33,93412.38,93694.16,5090.43,479718463.19,94488.66,direct,
45458,2024-12-30 19:00:00,94516.55,93826.12,94488.66,2896.65,272861535.2,94299.4,direct,
45459,2024-12-30 20:00:00,94910.24,94171.19,94299.4,3716.69,351096033.89,94221.93,direct,
45460,2024-12-30 21:00:00,94254.14,91784.53,94221.93,4693.73,435525707.78,91940.45,direct,
45461,2024-12-30 22:00:00,92874.32,91808.31,91940.45,2551.33,235640922.77,92641.98,direct,
45462,2024-12-30 23:00:00,92734.48,92235.73,92641.98,1554.74,143776058.05,92646.21,direct,
45463,2024-12-31 00:00:00,92742.65,92222.24,92646.21,1753.75,162219423.08,92304.83,direct,
45464,2024-12-31 01:00:00,92423.42,91894.97,92304.83,1906.07,175724946.15,92268.88,direct,
45465,2024-12-31 02:00:00,92553.21,92148.05,92268.88,1281.91,118407193.13,92313.42,direct,
45466,2024-12-31 03:00:00,92487.62,92092.32,92313.42,988.13,91208510.63,92361.6,direct,
45467,2024-12-31 04:00:00,92664.76,92219.67,92361.6,514.48,47574007.67,92311.97,direct,
45468,2024-12-31 05:00:00,92624.0,92219.78,92311.97,298.11,27572930.77,92482.68,direct,
45469,2024-12-31 06:00:00,92909.4,92443.75,92482.68,366.14,33939789.78,92694.64,direct,
45470,2024-12-31 07:00:00,92791.71,92650.33,92694.64,326.13,30251753.48,92736.26,direct,
45471,2024-12-31 08:00:00,94575.95,92716.87,92736.26,1581.93,148483702.54,93794.59,direct,
45472,2024-12-31 09:00:00,94020.9,93687.95,93794.59,453.32,42556662.22,93878.89,direct,
45473,2024-12-31 10:00:00,94119.71,93522.05,93878.89,587.37,55142721.29,93971.16,direct,
45474,2024-12-31 11:00:00,94151.41,93846.9,93971.16,350.45,32958065.79,94095.71,direct,
45475,2024-12-31 12:00:00,94805.2,94095.71,94095.71,1671.17,157883813.55,94417.71,direct,
45476,2024-12-31 13:00:00,95909.52,94400.08,94417.71,3106.89,296330929.24,95457.53,direct,
45477,2024-12-31 14:00:00,96139.7,95267.48,95457.53,3806.63,363943195.43,95571.27,direct,
45478,2024-12-31 15:00:00,95849.99,94804.45,95571.27,3839.2,366062441.48,95289.31,direct,
45479,2024-12-31 16:00:00,95454.03,94450.74,95289.31,2913.49,276464401.92,94693.63,direct,
45480,2024-12-31 17:00:00,94876.59,93049.88,94693.63,3526.65,331170735.59,93969.7,direct,
45481,2024-12-31 18:00:00,94257.24,93649.44,93969.7,2341.19,219948952.33,93756.06,direct,
45482,2024-12-31 19:00:00,94168.28,93579.62,93756.06,1687.12,158370798.46,94034.29,direct,
45483,2024-12-31 20:00:00,94077.34,93285.79,94034.29,2439.1,228540151.27,93405.03,direct,
45484,2024-12-31 21:00:00,93789.94,93326.62,93405.03,1277.01,119444567.71,93724.89,direct,
45485,2024-12-31 22:00:00,93726.5,93217.49,93724.89,701.06,65551349.39,93308.18,direct,
45486,2024-12-31 23:00:00,93585.25,93215.57,93308.18,1180.42,110243825.35,93391.98,direct,
45487,2025-01-01 00:00:00,94297.0,93294.16,93391.98,1249.98,117098823.75,94203.42,direct,
45488,2025-01-01 01:00:00,94222.25,93411.07,94203.42,907.94,85135997.89,93437.0,direct,
45489,2025-01-01 02:00:00,93904.41,93416.89,93437.0,630.16,59017056.09,93895.87,direct,
45490,2025-01-01 03:00:00,93897.61,93545.5,93895.87,436.39,40890332.18,93651.42,direct,
45491,2025-01-01 04:00:00,93652.02,93332.1,93651.42,403.8,37758786.24,93369.83,direct,
45492,2025-01-01 05:00:00,93714.43,93357.07,93369.83,265.08,24800060.05,93588.94,direct,
45493,2025-01-01 06:00:00,93594.07,93371.37,93588.94,265.6,24830213.16,93556.09,direct,
45494,2025-01-01 07:00:00,93605.93,93460.16,93556.09,172.5,16140484.15,93495.75,direct,
45495,2025-01-01 08:00:00,93560.47,93124.24,93495.75,271.72,25369666.32,93258.72,direct,
45496,2025-01-01 09:00:00,93313.68,92728.81,93258.72,607.16,56475924.15,93230.03,direct,
45497,2025-01-01 10:00:00,93349.42,93099.3,93230.03,503.82,46979237.13,93139.83,direct,
45498,2025-01-01 11:00:00,93521.93,93004.32,93139.83,491.78,45858865.81,93268.28,direct,
45499,2025-01-01 12:00:00,93773.46,93209.49,93268.28,914.49,85516946.51,93627.56,direct,
45500,2025-01-01 13:00:00,93853.87,93411.34,93627.56,1100.86,103013166.74,93828.5,direct,
45501,2025-01-01 14:00:00,94246.81,93476.97,93828.5,1766.5,165891883.76,93980.85,direct,
45502,2025-01-01 15:00:00,94294.95,93718.67,93980.85,1153.88,108444756.8,94235.68,direct,
45503,2025-01-01 16:00:00,94294.06,93722.29,94235.68,1381.5,129797254.86,93892.29,direct,
45504,2025-01-01 17:00:00,93985.95,93551.4,93892.29,1296.9,121603071.44,93940.69,direct,
45505,2025-01-01 18:00:00,94171.1,93736.34,93940.69,869.66,81715401.28,94130.9,direct,
45506,2025-01-01 19:00:00,94617.9,93930.31,94130.9,968.96,91324718.56,94430.97,direct,
45507,2025-01-01 20:00:00,94667.98,94400.53,94430.97,907.19,85762154.03,94599.82,direct,
45508,2025-01-01 21:00:00,94953.5,94503.7,94599.82,954.23,90340317.57,94770.13,direct,
45509,2025-01-01 22:00:00,94794.9,94496.72,94770.13,634.61,60051492.62,94608.02,direct,
45510,2025-01-01 23:00:00,94759.64,94347.55,94608.02,998.31,94344856.73,94392.51,direct,
45511,2025-01-02 00:00:00,95180.33,94197.85,94392.51,2208.97,209345037.5,94929.82,direct,
45512,2025-01-02 01:00:00,95330.95,94546.75,94929.82,1615.22,153376736.3,94687.84,direct,
45513,2025-01-02 02:00:00,95055.8,94628.07,94687.84,862.42,81788148.39,95054.79,direct,
45514,2025-01-02 03:00:00,95115.42,94738.25,95054.79,624.55,59254179.63,94838.91,direct,
45515,2025-01-02 04:00:00,95827.71,94822.4,94838.91,794.26,75754714.67,95538.39,direct,
45516,2025-01-02 05:00:00,95630.93,95217.04,95538.39,435.01,41516025.25,95421.67,direct,
45517,2025-01-02 06:00:00,95521.89,95202.99,95421.67,240.42,22920237.21,95433.84,direct,
45518,2025-01-02 07:00:00,95754.48,95380.25,95433.84,354.99,33954183.1,95694.26,direct,
45519,2025-01-02 08:00:00,96075.23,95506.58,95694.26,548.91,52582554.63,96007.5,direct,
45520,2025-01-02 09:00:00,96671.55,95912.49,96007.5,685.98,66045102.48,96630.56,direct,
45521,2025-01-02 10:00:00,96683.44,96432.07,96630.56,551.55,53257461.94,96612.08,direct,
45522,2025-01-02 11:00:00,96772.36,96386.47,96612.08,522.08,50414780.06,96642.12,direct,
45523,2025-01-02 12:00:00,96799.63,96517.85,96642.12,967.37,93510950.53,96764.33,direct,
45524,2025-01-02 13:00:00,96887.62,96339.84,96764.33,1308.62,126454234.07,96365.48,direct,
45525,2025-01-02 14:00:00,97286.55,95867.51,96365.48,5460.61,527727674.68,97187.31,direct,
45526,2025-01-02 15:00:00,97250.18,96055.31,97187.31,4453.71,430300836.99,96375.21,direct,
45527,2025-01-02 16:00:00,97588.1,95945.96,96375.21,3823.67,370819797.84,97173.05,direct,
45528,2025-01-02 17:00:00,97519.07,96256.15,97173.05,3257.65,315532307.14,96668.19,direct,
45529,2025-01-02 18:00:00,97269.78,96322.36,96668.19,2780.76,269235741.06,97229.05,direct,
45530,2025-01-02 19:00:00,97698.23,97107.64,97229.05,2103.16,204789487.67,97234.23,direct,
45531,2025-01-02 20:00:00,97766.59,97211.08,97234.23,2555.24,249112891.84,97220.47,direct,
45532,2025-01-02 21:00:00,97264.56,96954.58,97220.47,777.21,75471642.77,97117.04,direct,
45533,2025-01-02 22:00:00,97117.05,96604.54,97117.04,681.15,65962420.14,96817.79,direct,
45534,2025-01-02 23:00:00,96987.26,96689.94,96817.79,669.78,64858009.36,96900.96,direct,
45535,2025-01-03 00:00:00,96989.49,96707.39,96900.96,721.92,69923172.9,96748.78,direct,
45536,2025-01-03 01:00:00,96918.13,96568.03,96748.78,701.26,67824310.5,96892.56,direct,
45537,2025-01-03 02:00:00,97258.96,96761.96,96892.56,1209.72,117413705.26,96899.75,direct,
45538,2025-01-03 03:00:00,97010.34,96752.08,96899.75,460.25,44598007.03,96985.95,direct,
45539,2025-01-03 04:00:00,96987.64,96694.05,96985.95,283.23,27427260.8,96736.58,direct,
45540,2025-01-03 05:00:00,96786.24,96512.04,96736.58,228.7,22101464.5,96684.84,direct,
45541,2025-01-03 06:00:00,96841.44,96439.05,96684.84,271.09,26194165.35,96476.97,direct,
45542,2025-01-03 07:00:00,96590.67,96215.93,96476.97,389.26,37516519.18,96242.96,direct,
45543,2025-01-03 08:00:00,96456.15,96033.19,96242.96,400.93,38572524.4,96054.9,direct,
45544,2025-01-03 09:00:00,96628.11,96021.74,96054.9,496.05,47814119.32,96484.15,direct,
45545,2025-01-03 10:00:00,96578.92,96331.02,96484.15,253.52,24448559.99,96416.96,direct,
45546,2025-01-03 11:00:00,96759.81,96407.68,96416.96,296.12,28608777.83,96690.6,direct,
45547,2025-01-03 12:00:00,96868.42,96592.61,96690.6,569.18,55057690.42,96592.62,direct,
45548,2025-01-03 13:00:00,96754.84,96400.78,96592.62,1079.31,104199749.48,96442.45,direct,
45549,2025-01-03 14:00:00,97284.4,96440.48,96442.45,2927.07,283701473.54,96963.68,direct,
45550,2025-01-03 15:00:00,97605.46,96703.57,96963.68,4202.26,408400022.84,97468.37,direct,
45551,2025-01-03 16:00:00,98387.61,97357.76,97468.37,3590.72,351670314.15,97810.05,direct,
45552,2025-01-03 17:00:00,98241.33,97790.27,97810.05,1944.39,190638977.66,97973.11,direct,
45553,2025-01-03 18:00:00,98654.76,97940.72,97973.11,2003.38,196979250.56,98489.14,direct,
45554,2025-01-03 19:00:00,98963.23,98469.32,98489.14,1902.06,187780693.4,98568.15,direct,
45555,2025-01-03 20:00:00,98731.86,98266.83,98568.15,2717.9,267630507.49,98284.14,direct,
45556,2025-01-03 21:00:00,98392.27,98154.33,98284.14,871.57,85629363.02,98235.1,direct,
45557,2025-01-03 22:00:00,98486.67,98219.05,98235.1,410.7,40392121.16,98272.07,direct,
45558,2025-01-03 23:00:00,98352.08,98033.0,98272.07,496.73,48766205.12,98135.8,direct,
45559,2025-01-04 00:00:00,98239.6,97853.97,98135.8,514.02,50385589.07,97924.11,direct,
45560,2025-01-04 01:00:00,98060.15,97770.32,97924.11,414.04,40544504.53,97993.3,direct,
45561,2025-01-04 02:00:00,98267.18,97813.8,97993.3,498.91,48893852.91,98262.04,direct,
45562,2025-01-04 03:00:00,98262.05,98011.2,98262.04,354.44,34784957.72,98169.65,direct,
45563,2025-01-04 04:00:00,98169.68,97840.5,98169.65,225.22,22056400.45,97962.6,direct,
45564,2025-01-04 05:00:00,98162.22,97953.0,97962.6,174.83,17144587.34,98098.92,direct,
45565,2025-01-04 06:00:00,98163.16,98009.45,98098.92,138.91,13622914.93,98090.47,direct,
45566,2025-01-04 07:00:00,98293.37,98065.24,98090.47,172.12,16900754.83,98235.31,direct,
45567,2025-01-04 08:00:00,98266.51,97879.23,98235.31,210.59,20659178.6,97888.64,direct,
45568,2025-01-04 09:00:00,97966.89,97527.11,97888.64,335.13,32766490.01,97660.95,direct,
45569,2025-01-04 10:00:00,97825.48,97575.67,97660.95,162.75,15902768.32,97765.48,direct,
45570,2025-01-04 11:00:00,97893.93,97683.24,97765.48,180.9,17687739.27,97860.11,direct,
45571,2025-01-04 12:00:00,97984.74,97776.74,97860.11,385.2,37697894.18,97859.75,direct,
45572,2025-01-04 13:00:00,98043.61,97724.14,97859.75,521.67,51053530.19,97955.83,direct,
45573,2025-01-04 14:00:00,98060.13,97808.35,97955.83,398.92,39075863.75,98018.51,direct,
45574,2025-01-04 15:00:00,98131.44,97522.47,98018.51,1254.28,122562804.76,97656.7,direct,
45575,2025-01-04 16:00:00,97854.24,97568.8,97656.7,724.24,70755742.68,97703.23,direct,
45576,2025-01-04 17:00:00,98040.96,97680.53,97703.23,373.2,36513638.19,98008.6,direct,
45577,2025-01-04 18:00:00,98126.36,97898.59,98008.6,394.99,38718942.72,97953.34,direct,
45578,2025-01-04 19:00:00,98350.59,97920.58,97953.34,515.5,50603092.29,98158.14,direct,
45579,2025-01-04 20:00:00,98665.86,98155.08,98158.14,646.29,63616672.3,98592.84,direct,
45580,2025-01-04 21:00:00,98757.16,98324.44,98592.84,632.54,62326299.68,98353.06,direct,
45581,2025-01-04 22:00:00,98483.99,98260.74,98353.06,279.7,27511625.19,98407.49,direct,
45582,2025-01-04 23:00:00,98415.89,98147.25,98407.49,411.08,40395593.39,98213.69,direct,
45583,2025-01-05 00:00:00,98380.87,98142.85,98213.69,317.68,31213680.53,98215.89,direct,
45584,2025-01-05 01:00:00,98315.38,98034.39,98215.89,345.03,33866744.67,98118.5,direct,
45585,2025-01-05 02:00:00,98212.62,98094.51,98118.5,214.72,21074721.2,98211.44,direct,
45586,2025-01-05 03:00:00,98212.75,98053.85,98211.44,169.26,16610245.43,98159.49,direct,
45587,2025-01-05 04:00:00,98496.87,98159.12,98159.49,204.0,20061290.77,98337.07,direct,
45588,2025-01-05 05:00:00,98473.47,98246.98,98337.07,108.19,10639384.41,98340.51,direct,
45589,2025-01-05 06:00:00,98473.62,98277.77,98340.51,90.11,8862750.07,98437.99,direct,
45590,2025-01-05 07:00:00,98448.64,98253.44,98437.99,73.01,7179563.2,98255.82,direct,
45591,2025-01-05 08:00:00,98255.91,97763.3,98255.82,260.31,25491348.89,97842.14,direct,
45592,2025-01-05 09:00:00,97915.77,97613.23,97842.14,191.97,18769133.78,97635.72,direct,
45593,2025-01-05 10:00:00,97742.0,97564.69,97635.72,164.56,16070789.32,97708.09,direct,
45594,2025-01-05 11:00:00,97804.4,97595.29,97708.09,142.55,13924535.62,97620.54,direct,
45595,2025-01-05 12:00:00,97926.0,97550.98,97620.54,400.93,39190793.28,97743.47,direct,
45596,2025-01-05 13:00:00,97997.7,97661.53,97743.47,354.42,34675315.04,97681.51,direct,
45597,2025-01-05 14:00:00,97934.12,97248.4,97681.51,1234.79,120431808.46,97834.98,direct,
45598,2025-01-05 15:00:00,98245.88,97689.89,97834.98,833.66,81673237.0,98007.16,direct,
45599,2025-01-05 16:00:00,98313.83,97919.3,98007.16,708.88,69533004.12,98018.11,direct,
45600,2025-01-05 17:00:00,98053.14,97657.01,98018.11,440.15,43072941.72,97722.68,direct,
45601,2025-01-05 18:00:00,97916.26,97576.26,97722.68,542.44,53007860.71,97902.73,direct,
45602,2025-01-05 19:00:00,98102.3,97839.67,97902.73,505.48,49534282.84,98054.12,direct,
45603,2025-01-05 20:00:00,98644.62,98004.02,98054.12,838.21,82452957.42,98261.01,direct,
45604,2025-01-05 21:00:00,98512.53,98206.73,98261.01,529.6,52091369.65,98485.36,direct,
45605,2025-01-05 22:00:00,98733.57,98329.82,98485.36,367.58,36216831.96,98666.9,direct,
45606,2025-01-05 23:00:00,98818.4,98299.54,98666.9,835.14,82296950.0,98346.97,direct,
45607,2025-01-06 00:00:00,98741.2,98176.56,98346.97,1039.07,102267923.35,98204.7,direct,
45608,2025-01-06 01:00:00,98789.75,97908.09,98204.7,1067.79,104921405.57,98725.02,direct,
45609,2025-01-06 02:00:00,99256.21,98628.04,98725.02,2571.75,254453237.01,98792.77,direct,
45610,2025-01-06 03:00:00,99200.69,98733.39,98792.77,715.67,70857915.44,99007.63,direct,
45611,2025-01-06 04:00:00,99467.52,99007.63,99007.63,641.51,63678091.84,99440.51,direct,
45612,2025-01-06 05:00:00,99875.41,99374.18,99440.51,1069.82,106604628.31,99582.39,direct,
45613,2025-01-06 06:00:00,99741.47,99407.56,99582.39,513.26,51100582.43,99483.51,direct,
45614,2025-01-06 07:00:00,99509.11,99153.71,99483.51,374.8,37225784.14,99291.4,direct,
45615,2025-01-06 08:00:00,99600.74,98977.37,99291.4,535.71,53180744.44,99026.82,direct,
45616,2025-01-06 09:00:00,99227.88,98926.27,99026.82,292.88,29013499.41,98979.01,direct,
45617,2025-01-06 10:00:00,99033.7,98674.69,98979.01,496.14,49034754.21,98741.51,direct,
45618,2025-01-06 11:00:00,99373.0,98671.81,98741.51,451.4,44727685.53,99226.46,direct,
45619,2025-01-06 12:00:00,99692.56,99122.45,99226.46,1030.76,102484974.62,99138.37,direct,
45620,2025-01-06 13:00:00,99548.12,98877.66,99138.37,1376.96,136579866.53,99475.52,direct,
45621,2025-01-06 14:00:00,101273.15,98689.25,99475.52,6860.58,685652569.29,100750.11,direct,
45622,2025-01-06 15:00:00,102491.8,100484.01,100750.11,8007.36,813096370.75,102175.15,direct,
45623,2025-01-06 16:00:00,102530.34,101775.63,102175.15,4549.89,465195369.23,102227.58,direct,
45624,2025-01-06 17:00:00,102227.76,101291.97,102227.58,3537.63,360279329.55,101874.51,direct,
45625,2025-01-06 18:00:00,102102.72,101616.43,101874.51,2349.09,239428052.33,101800.79,direct,
45626,2025-01-06 19:00:00,102088.05,101683.2,101800.79,2162.54,220396684.35,101857.77,direct,
45627,2025-01-06 20:00:00,102386.85,101852.26,101857.77,3537.39,361317742.11,102191.55,direct,
45628,2025-01-06 21:00:00,102409.65,101633.55,102191.55,1569.47,160211611.76,101658.76,direct,
45629,2025-01-06 22:00:00,102125.52,101646.4,101658.76,567.79,57842174.14,102049.67,direct,
45630,2025-01-06 23:00:00,102290.16,101936.28,102049.67,827.71,84527186.34,102282.2,direct,
45631,2025-01-07 00:00:00,102747.54,102000.71,102282.2,1687.27,172638821.11,102092.61,direct,
45632,2025-01-07 01:00:00,102115.3,101724.92,102092.61,1027.77,104749573.84,101953.61,direct,
45633,2025-01-07 02:00:00,102062.67,101689.28,101953.61,652.89,66535339.52,101718.15,direct,
45634,2025-01-07 03:00:00,101848.54,101541.44,101718.15,668.29,67982730.45,101731.43,direct,
45635,2025-01-07 04:00:00,101947.11,101686.07,101731.43,369.48,37622024.88,101686.6,direct,
45636,2025-01-07 05:00:00,101811.13,101601.7,101686.6,365.49,37173126.89,101754.36,direct,
45637,2025-01-07 06:00:00,101911.9,101652.81,101754.36,238.96,24326466.19,101828.48,direct,
45638,2025-01-07 07:00:00,102026.98,101667.67,101828.48,378.66,38556299.67,101689.11,direct,
45639,2025-01-07 08:00:00,101993.91,101632.46,101689.11,360.71,36719054.17,101903.59,direct,
45640,2025-01-07 09:00:00,101918.88,101629.75,101903.59,379.91,38656696.32,101722.71,direct,
45641,2025-01-07 10:00:00,101722.76,101372.48,101722.71,672.53,68270851.71,101405.76,direct,
45642,2025-01-07 11:00:00,101459.05,100473.31,101405.76,1278.02,128960733.15,100837.98,direct,
45643,2025-01-07 12:00:00,100960.06,100620.94,100837.98,981.78,98958061.4,100756.21,direct,
45644,2025-01-07 13:00:00,100956.05,100607.23,100756.21,939.19,94633599.29,100630.29,direct,
45645,2025-01-07 14:00:00,100861.5,99755.18,100630.29,3906.94,392324025.76,99975.64,direct,
45646,2025-01-07 15:00:00,100097.87,97114.59,99975.64,13927.71,1371102753.16,97902.4,direct,
45647,2025-01-07 16:00:00,98313.2,97527.9,97902.4,4923.16,481905607.78,97707.17,direct,
45648,2025-01-07 17:00:00,97769.46,96545.2,97707.17,4345.16,422414464.75,97232.27,direct,
45649,2025-01-07 18:00:00,97504.8,96552.58,97232.27,3418.19,331568140.28,96703.32,direct,
45650,2025-01-07 19:00:00,97145.64,96275.71,96703.32,3382.85,327083973.27,96402.99,direct,
45651,2025-01-07 20:00:00,96791.57,96112.95,96402.99,5467.02,526973164.06,96465.32,direct,
45652,2025-01-07 21:00:00,97055.03,96364.23,96465.32,2262.63,218748256.17,96474.46,direct,
45653,2025-01-07 22:00:00,97197.61,96389.13,96474.46,1276.72,123668714.73,97147.54,direct,
45654,2025-01-07 23:00:00,97151.41,96779.05,97147.54,1407.8,136507518.69,96942.47,direct,
45655,2025-01-08 00:00:00,97251.53,96688.2,96942.47,1409.1,136667411.67,97238.47,direct,
45656,2025-01-08 01:00:00,97238.52,96597.49,97238.47,1120.91,108628898.78,96887.82,direct,
45657,2025-01-08 02:00:00,97161.2,96764.25,96887.82,953.2,92455615.65,96865.92,direct,
45658,2025-01-08 03:00:00,96866.77,96209.8,96865.92,2150.43,207575548.83,96522.05,direct,
45659,2025-01-08 04:00:00,96609.23,96061.84,96522.05,1177.93,113454071.65,96255.12,direct,
45660,2025-01-08 05:00:00,96636.06,96093.33,96255.12,505.11,48702471.76,96469.55,direct,
45661,2025-01-08 06:00:00,96621.78,95228.5,96469.55,1431.34,137056856.81,95265.4,direct,
45662,2025-01-08 07:00:00,95787.19,95232.75,95265.4,737.29,70421450.34,95627.44,direct,
45663,2025-01-08 08:00:00,96105.68,95498.44,95627.44,693.87,66480117.44,95920.56,direct,
45664,2025-01-08 09:00:00,96069.5,95394.67,95920.56,459.61,44040630.65,95407.83,direct,
45665,2025-01-08 10:00:00,95969.7,95407.57,95407.83,624.21,59712860.69,95925.72,direct,
45666,2025-01-08 11:00:00,96024.76,94511.12,95925.72,1764.93,167877294.02,95100.33,direct,
45667,2025-01-08 12:00:00,95337.95,94837.77,95100.33,2176.98,206976765.11,94856.14,direct,
45668,2025-01-08 13:00:00,95636.38,94856.14,94856.14,2863.18,272950126.82,95354.41,direct,
45669,2025-01-08 14:00:00,95835.47,94875.33,95354.41,5398.07,514372000.38,95274.3,direct,
45670,2025-01-08 15:00:00,96036.75,94605.48,95274.3,6374.06,606875863.28,95464.39,direct,
45671,2025-01-08 16:00:00,95471.8,94524.43,95464.39,3593.46,341126171.35,94750.05,direct,
45672,2025-01-08 17:00:00,94818.95,92488.45,94750.05,8740.26,817959812.09,94008.02,direct,
45673,2025-01-08 18:00:00,95111.05,93736.39,94008.02,4822.24,455277988.69,94228.63,direct,
45674,2025-01-08 19:00:00,94841.48,94026.37,94228.63,3556.61,335728972.79,94218.49,direct,
45675,2025-01-08 20:00:00,94386.02,93729.8,94218.49,3236.56,304354640.91,93948.73,direct,
45676,2025-01-08 21:00:00,94561.63,93582.15,93948.73,1989.67,187298276.74,94442.59,direct,
45677,2025-01-08 22:00:00,95277.18,94432.02,94442.59,1236.25,117209593.76,95275.12,direct,
45678,2025-01-08 23:00:00,95286.41,94895.2,95275.12,706.67,67159809.2,95051.06,direct,
45679,2025-01-09 00:00:00,95119.18,94781.34,95051.06,1095.83,104032516.54,95108.01,direct,
45680,2025-01-09 01:00:00,95345.44,94947.16,95108.01,1289.33,122627916.1,94966.36,direct,
45681,2025-01-09 02:00:00,95007.48,93426.15,94966.36,3670.18,345653528.64,94752.98,direct,
45682,2025-01-09 03:00:00,94769.86,93978.85,94752.98,646.68,60962470.38,93986.61,direct,
45683,2025-01-09 04:00:00,94457.65,93761.15,93986.61,497.8,46825451.67,94378.13,direct,
45684,2025-01-09 05:00:00,94530.57,94246.53,94378.13,230.86,21787109.76,94437.33,direct,
45685,2025-01-09 06:00:00,94580.59,94000.56,94437.33,314.55,29657057.62,94057.01,direct,
45686,2025-01-09 07:00:00,94259.1,93172.34,94057.01,753.9,70578834.29,93190.84,direct,
45687,2025-01-09 08:00:00,93352.28,92710.65,93190.84,1461.38,135959196.07,92984.74,direct,
45688,2025-01-09 09:00:00,93699.01,92931.94,92984.74,432.48,40404687.78,93471.7,direct,
45689,2025-01-09 10:00:00,93616.69,92990.89,93471.7,436.78,40754887.46,93420.2,direct,
45690,2025-01-09 11:00:00,93816.81,93184.37,93420.2,544.39,50912295.2,93425.52,direct,
45691,2025-01-09 12:00:00,93647.27,93116.05,93425.52,1491.15,139293724.85,93376.15,direct,
45692,2025-01-09 13:00:00,93443.74,91866.22,93376.15,4085.6,377595283.8,91953.37,direct,
45693,2025-01-09 14:00:00,92851.97,91765.27,91953.37,4325.84,399283198.11,92826.56,direct,
45694,2025-01-09 15:00:00,94559.72,92634.1,92826.56,4284.75,400736099.51,94233.76,direct,
45695,2025-01-09 16:00:00,94687.81,93839.05,94233.76,2544.39,239715254.75,94242.66,direct,
45696,2025-01-09 17:00:00,94280.05,92322.55,94242.66,3285.5,306339784.13,92691.74,direct,
45697,2025-01-09 18:00:00,93229.78,92396.16,92691.74,3596.92,333846209.25,93010.07,direct,
45698,2025-01-09 19:00:00,93276.93,91895.56,93010.07,2770.02,256469004.72,91905.41,direct,
45699,2025-01-09 20:00:00,92345.64,91197.56,91905.41,6689.05,613357075.75,91881.34,direct,
45700,2025-01-09 21:00:00,92492.92,91780.64,91881.34,2757.21,254071494.52,92108.15,direct,
45701,2025-01-09 22:00:00,92709.31,91643.23,92108.15,1713.19,157856934.34,92455.61,direct,
45702,2025-01-09 23:00:00,92681.99,92052.53,92455.61,1601.51,147978477.09,92548.12,direct,
45703,2025-01-10 00:00:00,92847.17,92460.52,92548.12,1299.63,120401544.08,92779.29,direct,
45704,2025-01-10 01:00:00,93151.98,92597.4,92779.29,1448.78,134548844.99,93098.55,direct,
45705,2025-01-10 02:00:00,93689.21,93031.1,93098.55,1389.07,129646463.3,93369.84,direct,
45706,2025-01-10 03:00:00,93716.54,93323.21,93369.84,899.66,84136654.24,93705.47,direct,
45707,2025-01-10 04:00:00,93905.19,93506.41,93705.47,641.2,60088938.92,93843.85,direct,
45708,2025-01-10 05:00:00,94256.37,93647.16,93843.85,663.79,62367703.39,93970.16,direct,
45709,2025-01-10 06:00:00,94334.44,93748.51,93970.16,508.75,47837032.61,94255.93,direct,
45710,2025-01-10 07:00:00,94983.97,94077.28,94255.93,908.96,86002198.01,94502.78,direct,
45711,2025-01-10 08:00:00,94767.57,94399.14,94502.78,417.86,39537469.23,94680.14,direct,
45712,2025-01-10 09:00:00,94987.43,94590.26,94680.14,405.65,38462962.39,94808.04,direct,
45713,2025-01-10 10:00:00,95284.65,94773.68,94808.04,488.46,46396060.42,95229.78,direct,
45714,2025-01-10 11:00:00,95269.02,94634.37,95229.78,578.96,54956455.87,95085.67,direct,
45715,2025-01-10 12:00:00,95134.68,94716.28,95085.67,1069.37,101509843.55,95024.74,direct,
45716,2025-01-10 13:00:00,95032.47,92747.23,95024.74,7109.47,666185575.43,93555.91,direct,
45717,2025-01-10 14:00:00,94676.63,93419.23,93555.91,6687.8,628833548.65,94105.29,direct,
45718,2025-01-10 15:00:00,94522.0,92206.53,94105.29,9507.98,887755408.83,93727.63,direct,
45719,2025-01-10 16:00:00,94025.39,93178.76,93727.63,5010.38,469117056.48,93650.55,direct,
45720,2025-01-10 17:00:00,95845.36,93322.33,93650.55,4514.65,426567629.18,95790.42,direct,
45721,2025-01-10 18:00:00,95793.23,94581.18,95790.42,4215.89,401443463.86,94865.85,direct,
45722,2025-01-10 19:00:00,95394.28,94408.57,94865.85,2749.97,261099264.86,95331.4,direct,
45723,2025-01-10 20:00:00,95448.0,94606.02,95331.4,2889.39,274268243.41,94680.26,direct,
45724,2025-01-10 21:00:00,94917.81,94606.88,94680.26,1034.74,98042471.39,94613.04,direct,
45725,2025-01-10 22:00:00,94957.8,94579.21,94613.04,562.82,53300238.9,94757.14,direct,
45726,2025-01-10 23:00:00,94880.22,94640.85,94757.14,476.61,45162699.55,94710.29,direct,
45727,2025-01-11 00:00:00,94725.19,94334.23,94710.29,744.96,70392670.66,94573.9,direct,
45728,2025-01-11 01:00:00,94674.42,94202.86,94573.9,616.49,58242745.3,94411.15,direct,
45729,2025-01-11 02:00:00,94475.79,94162.93,94411.15,507.29,47848926.43,94400.7,direct,
45730,2025-01-11 03:00:00,94413.84,94087.4,94400.7,374.61,35290516.16,94183.95,direct,
45731,2025-01-11 04:00:00,94290.15,93826.56,94183.95,297.87,28017308.73,94042.72,direct,
45732,2025-01-11 05:00:00,94355.68,93997.53,94042.72,126.29,11895971.37,94350.54,direct,
45733,2025-01-11 06:00:00,94410.4,94192.54,94350.54,92.43,8720984.32,94192.54,direct,
45734,2025-01-11 07:00:00,94303.16,94130.81,94192.54,66.72,6285372.24,94211.86,direct,
45735,2025-01-11 08:00:00,94366.71,93999.59,94211.86,125.35,11806100.46,94046.12,direct,
45736,2025-01-11 09:00:00,94304.34,94016.25,94046.12,66.69,6278452.12,94301.09,direct,
45737,2025-01-11 10:00:00,94491.27,94273.88,94301.09,158.08,14917860.55,94456.4,direct,
45738,2025-01-11 11:00:00,94755.95,94418.53,94456.4,143.47,13571102.35,94582.16,direct,
45739,2025-01-11 12:00:00,94609.55,94484.69,94582.16,263.78,24937004.11,94513.3,direct,
45740,2025-01-11 13:00:00,94567.57,94308.39,94513.3,343.96,32473681.27,94360.38,direct,
45741,2025-01-11 14:00:00,94601.3,94270.95,94360.38,372.15,35146392.81,94571.94,direct,
45742,2025-01-11 15:00:00,94613.35,94341.97,94571.94,375.08,35421987.83,94381.82,direct,
45743,2025-01-11 16:00:00,94682.22,94280.65,94381.82,945.39,89310002.77,94410.34,direct,
45744,2025-01-11 17:00:00,94413.62,93918.8,94410.34,1342.03,126323408.14,94115.04,direct,
45745,2025-01-11 18:00:00,94261.68,94070.18,94115.04,350.94,33048592.29,94228.08,direct,
45746,2025-01-11 19:00:00,94292.53,94030.53,94228.08,306.44,28853392.37,94192.53,direct,
45747,2025-01-11 20:00:00,94628.38,94141.18,94192.53,403.92,38116244.18,94551.96,direct,
45748,2025-01-11 21:00:00,94985.54,94530.87,94551.96,760.69,72058982.74,94906.46,direct,
45749,2025-01-11 22:00:00,94954.13,94529.2,94906.46,343.47,32536750.81,94553.96,direct,
45750,2025-01-11 23:00:00,94723.9,94511.3,94553.96,466.11,44092270.06,94569.95,direct,
45751,2025-01-12 00:00:00,94624.35,94385.65,94569.95,437.85,41380838.93,94413.1,direct,
45752,2025-01-12 01:00:00,94548.61,94265.78,94413.1,320.89,30289538.67,94532.34,direct,
45753,2025-01-12 02:00:00,94623.57,94435.6,94532.34,285.36,26973368.85,94576.33,direct,
45754,2025-01-12 03:00:00,94650.44,94375.79,94576.33,257.83,24367700.64,94579.09,direct,
45755,2025-01-12 04:00:00,94611.57,94460.18,94579.09,100.73,9523731.89,94541.07,direct,
45756,2025-01-12 05:00:00,94590.4,94459.86,94541.07,64.09,6058699.55,94522.54,direct,
45757,2025-01-12 06:00:00,94574.57,94334.51,94522.54,97.13,9172314.75,94355.63,direct,
45758,2025-01-12 07:00:00,94402.03,94245.22,94355.63,95.44,9001835.85,94284.87,direct,
45759,2025-01-12 08:00:00,94345.16,94079.41,94284.87,125.68,11840112.85,94136.08,direct,
45760,2025-01-12 09:00:00,94184.86,93675.7,94136.08,341.91,32122608.97,93870.02,direct,
45761,2025-01-12 10:00:00,94010.68,93787.28,93870.02,213.49,20045674.41,93969.42,direct,
45762,2025-01-12 11:00:00,94304.76,93969.08,93969.42,207.33,19521355.91,94213.69,direct,
45763,2025-01-12 12:00:00,94557.53,94129.82,94213.69,408.7,38568096.12,94291.48,direct,
45764,2025-01-12 13:00:00,94680.05,94260.45,94291.48,658.9,62285889.53,94613.31,direct,
45765,2025-01-12 14:00:00,94930.12,94612.25,94613.31,653.72,61975761.41,94759.1,direct,
45766,2025-01-12 15:00:00,95388.08,94635.09,94759.1,1268.55,120589896.68,95029.85,direct,
45767,2025-01-12 16:00:00,95090.79,94765.4,95029.85,700.54,66493224.49,95009.78,direct,
45768,2025-01-12 17:00:00,95219.97,94942.83,95009.78,512.09,48697644.17,95097.61,direct,
45769,2025-01-12 18:00:00,95261.76,94876.59,95097.61,523.5,49761396.53,94954.87,direct,
45770,2025-01-12 19:00:00,95019.72,94542.44,94954.87,514.85,48785585.88,94613.78,direct,
45771,2025-01-12 20:00:00,94768.39,94579.98,94613.78,423.94,40138203.04,94652.95,direct,
45772,2025-01-12 21:00:00,94689.6,94267.56,94652.95,583.0,55076004.77,94311.04,direct,
45773,2025-01-12 22:00:00,94325.62,93755.99,94311.04,912.32,85738011.12,93915.95,direct,
45774,2025-01-12 23:00:00,94527.71,93914.92,93915.95,1158.08,109074784.91,94505.67,direct,
45775,2025-01-13 00:00:00,95894.16,94405.31,94505.67,2786.7,265692993.32,95296.97,direct,
45776,2025-01-13 01:00:00,95367.81,94047.41,95296.97,2630.47,249310934.15,94168.69,direct,
45777,2025-01-13 02:00:00,94458.17,93860.35,94168.69,1565.17,147348753.05,94174.69,direct,
45778,2025-01-13 03:00:00,94371.39,93944.31,94174.69,951.73,89632778.47,94232.78,direct,
45779,2025-01-13 04:00:00,94869.73,94162.64,94232.78,579.88,54827070.72,94464.36,direct,
45780,2025-01-13 05:00:00,94495.63,94002.63,94464.36,250.68,23615093.24,94128.28,direct,
45781,2025-01-13 06:00:00,94284.15,93220.53,94128.28,708.5,66363064.68,93573.63,direct,
45782,2025-01-13 07:00:00,93905.49,93417.32,93573.63,330.88,30984954.84,93517.77,direct,
45783,2025-01-13 08:00:00,93597.49,92845.72,93517.77,633.14,58973514.24,92991.95,direct,
45784,2025-01-13 09:00:00,93132.75,92578.52,92991.95,835.51,77609122.81,92797.75,direct,
45785,2025-01-13 10:00:00,92830.02,91309.1,92797.75,1902.26,174899883.05,91557.84,direct,
45786,2025-01-13 11:00:00,91688.22,90752.27,91557.84,1974.57,180102231.73,90764.62,direct,
45787,2025-01-13 12:00:00,91226.08,90196.88,90764.62,4941.63,448134500.19,90643.97,direct,
45788,2025-01-13 13:00:00,91681.57,90485.5,90643.97,3497.02,318925365.36,91054.87,direct,
45789,2025-01-13 14:00:00,92246.99,89153.4,91054.87,10439.85,948045293.55,91777.06,direct,
45790,2025-01-13 15:00:00,93075.71,91523.9,91777.06,7293.86,673328673.05,92103.74,direct,
45791,2025-01-13 16:00:00,92248.12,91193.45,92103.74,5158.35,473373324.33,91278.33,direct,
45792,2025-01-13 17:00:00,92255.96,91186.3,91278.33,3906.65,358464980.61,91927.44,direct,
45793,2025-01-13 18:00:00,92357.24,91543.92,91927.44,3841.23,353135848.0,92032.42,direct,
45794,2025-01-13 19:00:00,92491.09,91552.55,92032.42,3228.91,297351949.78,92266.98,direct,
45795,2025-01-13 20:00:00,93746.12,91856.56,92266.98,4084.28,378858139.01,93556.49,direct,
45796,2025-01-13 21:00:00,94445.26,93380.03,93556.49,3695.81,347011356.37,94174.82,direct,
45797,2025-01-13 22:00:00,94689.27,94122.42,94174.82,1768.84,167014021.46,94372.73,direct,
45798,2025-01-13 23:00:00,94589.86,94163.72,94372.73,972.65,91783802.39,94517.66,direct,
45799,2025-01-14 00:00:00,94853.47,94324.09,94517.66,1465.18,138505006.86,94449.64,direct,
45800,2025-01-14 01:00:00,95018.3,94438.46,94449.64,1653.75,156740525.82,94805.78,direct,
45801,2025-01-14 02:00:00,95255.04,94717.55,94805.78,1641.65,155996744.28,94869.44,direct,
45802,2025-01-14 03:00:00,95094.54,94796.02,94869.44,859.18,81547356.73,94845.74,direct,
45803,2025-01-14 04:00:00,95129.1,94800.78,94845.74,488.37,46388636.23,95096.67,direct,
45804,2025-01-14 05:00:00,95456.67,94842.87,95096.67,573.79,54631774.58,94884.51,direct,
45805,2025-01-14 06:00:00,94994.05,94707.01,94884.51,420.99,39917405.28,94992.56,direct,
45806,2025-01-14 07:00:00,95141.02,94826.02,94992.56,257.71,24476068.01,94833.84,direct,
45807,2025-01-14 08:00:00,95788.79,94833.74,94833.84,1003.96,95817447.81,95483.69,direct,
45808,2025-01-14 09:00:00,97357.87,95446.76,95483.69,2124.71,205092317.27,97141.92,direct,
45809,2025-01-14 10:00:00,97181.72,96562.92,97141.92,1157.07,112005730.81,96655.51,direct,
45810,2025-01-14 11:00:00,96667.35,96321.6,96655.51,527.89,50941268.52,96517.71,direct,
45811,2025-01-14 12:00:00,96670.1,95954.41,96517.71,1327.83,127752809.06,95957.98,direct,
45812,2025-01-14 13:00:00,97239.84,95728.5,95957.98,3919.34,378110807.87,96301.7,direct,
45813,2025-01-14 14:00:00,97229.23,95981.1,96301.7,4719.18,455940419.64,96253.04,direct,
45814,2025-01-14 15:00:00,96956.08,96151.03,96253.04,4558.0,440186510.82,96430.33,direct,
45815,2025-01-14 16:00:00,96432.18,95303.78,96430.33,4487.69,429909514.91,95696.23,direct,
45816,2025-01-14 17:00:00,96529.45,95518.28,95696.23,2717.88,260854428.63,96490.29,direct,
45817,2025-01-14 18:00:00,96921.83,96240.14,96490.29,2426.39,234417967.45,96736.51,direct,
45818,2025-01-14 19:00:00,97051.76,96419.71,96736.51,2090.65,202346751.51,96496.3,direct,
45819,2025-01-14 20:00:00,96885.82,96093.2,96496.3,3364.63,324660509.51,96468.27,direct,
45820,2025-01-14 21:00:00,96637.65,96276.9,96468.27,1275.78,123069832.1,96446.23,direct,
45821,2025-01-14 22:00:00,96715.92,96410.55,96446.23,572.36,55259890.81,96667.33,direct,
45822,2025-01-14 23:00:00,96751.44,96474.07,96667.33,713.3,68901370.52,96526.87,direct,
45823,2025-01-15 00:00:00,97305.42,96466.75,96526.87,1578.33,152953479.77,96864.56,direct,
45824,2025-01-15 01:00:00,97522.68,96767.35,96864.56,1779.34,172855556.01,97313.09,direct,
45825,2025-01-15 02:00:00,97418.82,96704.66,97313.09,1379.42,133835810.74,96791.51,direct,
45826,2025-01-15 03:00:00,97293.24,96725.51,96791.51,1072.59,104050698.14,97287.4,direct,
45827,2025-01-15 04:00:00,97687.64,97035.86,97287.4,1083.04,105467038.52,97157.02,direct,
45828,2025-01-15 05:00:00,97199.64,96717.08,97157.02,469.47,45494426.01,96999.48,direct,
45829,2025-01-15 06:00:00,97108.44,96822.6,96999.48,246.12,23861950.5,97068.42,direct,
45830,2025-01-15 07:00:00,97555.22,97067.52,97068.42,433.99,42237959.93,97277.0,direct,
45831,2025-01-15 08:00:00,97505.53,97134.79,97277.0,380.91,37069464.73,97181.6,direct,
45832,2025-01-15 09:00:00,97343.6,96760.63,97181.6,571.44,55425978.55,96801.48,direct,
45833,2025-01-15 10:00:00,97114.32,96699.27,96801.48,399.9,38756663.08,96911.68,direct,
45834,2025-01-15 11:00:00,96926.9,96479.62,96911.68,565.18,54628267.85,96722.2,direct,
45835,2025-01-15 12:00:00,97136.71,96506.92,96722.2,935.71,90538813.23,96908.56,direct,
45836,2025-01-15 13:00:00,99024.95,96815.39,96908.56,3560.52,349605919.89,98957.26,direct,
45837,2025-01-15 14:00:00,99511.78,98583.33,98957.26,5796.67,573996814.69,99443.15,direct,
45838,2025-01-15 15:00:00,99793.98,98982.14,99443.15,5690.91,565885725.22,98994.04,direct,
45839,2025-01-15 16:00:00,99494.36,98891.25,98994.04,3014.07,298956587.95,99024.4,direct,
45840,2025-01-15 17:00:00,99352.9,98616.72,99024.4,2303.75,228351861.51,98651.65,direct,
45841,2025-01-15 18:00:00,99471.67,98651.3,98651.65,1776.39,176080895.23,99460.87,direct,
45842,2025-01-15 19:00:00,99984.7,99302.3,99460.87,2207.76,219844206.36,99864.98,direct,
45843,2025-01-15 20:00:00,100719.11,99480.44,99864.98,4541.32,454323393.36,99583.9,direct,
45844,2025-01-15 21:00:00,99882.76,99493.26,99583.9,1421.81,141770177.7,99695.32,direct,
45845,2025-01-15 22:00:00,99853.6,99578.12,99695.32,609.89,60791554.22,99729.58,direct,
45846,2025-01-15 23:00:00,100526.62,99647.69,99729.58,1348.68,134881509.04,100510.84,direct,
45847,2025-01-16 00:00:00,100867.35,99644.99,100510.84,2967.49,297291261.3,99871.96,direct,
45848,2025-01-16 01:00:00,100215.52,99817.76,99871.96,1311.89,131215247.91,100094.71,direct,
45849,2025-01-16 02:00:00,100132.01,99472.77,100094.71,1085.46,108335913.72,99636.54,direct,
45850,2025-01-16 03:00:00,99849.75,99155.53,99636.54,1028.11,102289420.61,99462.86,direct,
45851,2025-01-16 04:00:00,99682.99,99462.61,99462.86,332.31,33096455.75,99596.71,direct,
45852,2025-01-16 05:00:00,99597.39,99341.7,99596.71,355.28,35336190.81,99361.3,direct,
45853,2025-01-16 06:00:00,99879.76,99307.17,99361.3,504.18,50224507.53,99771.44,direct,
45854,2025-01-16 07:00:00,99829.6,99626.41,99771.44,377.4,37627941.34,99770.0,direct,
45855,2025-01-16 08:00:00,99791.66,98596.02,99770.0,1110.37,110079537.43,98929.7,direct,
45856,2025-01-16 09:00:00,99294.79,98627.68,98929.7,701.61,69400390.29,99128.25,direct,
45857,2025-01-16 10:00:00,99391.9,99089.59,99128.25,330.67,32818540.1,99199.35,direct,
45858,2025-01-16 11:00:00,99306.84,98718.17,99199.35,639.96,63384797.83,99150.44,direct,
45859,2025-01-16 12:00:00,99496.6,98883.35,99150.44,1441.56,143090111.9,99368.79,direct,
45860,2025-01-16 13:00:00,99421.89,98778.32,99368.79,2420.64,239834052.36,99068.81,direct,
45861,2025-01-16 14:00:00,99380.04,97445.77,99068.81,4592.68,451306125.49,97574.5,direct,
45862,2025-01-16 15:00:00,99275.79,97275.38,97574.5,5193.72,509499995.07,99272.5,direct,
45863,2025-01-16 16:00:00,99865.88,99060.55,99272.5,4587.67,456384954.87,99339.14,direct,
45864,2025-01-16 17:00:00,100350.61,99164.81,99339.14,3477.08,346799482.82,99832.22,direct,
45865,2025-01-16 18:00:00,100061.69,99244.0,99832.22,2047.38,203840359.26,99568.72,direct,
45866,2025-01-16 19:00:00,100431.95,99393.4,99568.72,1986.35,198440007.64,100399.35,direct,
45867,2025-01-16 20:00:00,100641.77,100264.19,100399.35,2957.69,297176069.78,100338.38,direct,
45868,2025-01-16 21:00:00,100381.93,99715.28,100338.38,1920.67,192167701.61,100133.27,direct,
45869,2025-01-16 22:00:00,100133.82,99376.43,100133.27,976.51,97356551.56,99831.34,direct,
45870,2025-01-16 23:00:00,100098.9,99729.55,99831.34,1080.2,107935173.44,99979.43,direct,
45871,2025-01-17 00:00:00,100430.51,99941.15,99979.43,1028.35,103029395.08,100128.86,direct,
45872,2025-01-17 01:00:00,101805.86,100036.69,100128.86,3329.23,336649586.9,101641.11,direct,
45873,2025-01-17 02:00:00,102111.8,100762.91,101641.11,2449.8,248899111.65,101074.04,direct,
45874,2025-01-17 03:00:00,101254.56,100913.94,101074.04,925.05,93489953.15,101027.78,direct,
45875,2025-01-17 04:00:00,101474.35,100934.2,101027.78,628.89,63600896.67,101459.04,direct,
45876,2025-01-17 05:00:00,101755.77,101282.95,101459.04,688.24,69890014.25,101326.93,direct,
45877,2025-01-17 06:00:00,101581.45,101300.39,101326.93,253.53,25717559.55,101394.92,direct,
45878,2025-01-17 07:00:00,101887.06,101394.91,101394.92,464.78,47212979.24,101463.79,direct,
45879,2025-01-17 08:00:00,102188.29,101441.27,101463.79,987.32,100582362.95,102110.85,direct,
45880,2025-01-17 09:00:00,102281.71,101723.95,102110.85,823.27,83970851.34,101840.87,direct,
45881,2025-01-17 10:00:00,102550.84,101782.96,101840.87,1096.34,111996559.3,102303.5,direct,
45882,2025-01-17 11:00:00,102438.79,102074.35,102303.5,367.46,37579879.11,102226.01,direct,
45883,2025-01-17 12:00:00,102947.09,102179.06,102226.01,1881.22,192999784.15,102748.64,direct,
45884,2025-01-17 13:00:00,102978.59,102414.79,102748.64,1872.78,192291718.62,102450.45,direct,
45885,2025-01-17 14:00:00,103397.71,102276.09,102450.45,5342.32,549274922.58,103397.71,direct,
45886,2025-01-17 15:00:00,104317.48,103304.45,103397.71,7010.75,728551281.73,104053.37,direct,
45887,2025-01-17 16:00:00,105076.39,103884.09,104053.37,5310.71,555669083.46,105033.07,direct,
45888,2025-01-17 17:00:00,105321.73,104053.78,105033.07,4094.25,428714894.73,104155.12,direct,
45889,2025-01-17 18:00:00,104999.1,104077.23,104155.12,2939.47,307562818.93,104895.58,direct,
45890,2025-01-17 19:00:00,105926.06,104738.54,104895.58,3760.6,396600332.59,105919.43,direct,
45891,2025-01-17 20:00:00,105923.31,104583.48,105919.43,5667.09,596361577.41,104726.74,direct,
45892,2025-01-17 21:00:00,105089.48,104508.16,104726.74,1863.17,195236131.45,104654.92,direct,
45893,2025-01-17 22:00:00,104736.63,104230.88,104654.92,762.29,79679556.87,104451.15,direct,
45894,2025-01-17 23:00:00,104563.05,104100.0,104451.15,653.93,68249228.33,104111.13,direct,
45895,2025-01-18 00:00:00,104689.3,104101.48,104111.13,731.72,76393402.0,104687.11,direct,
45896,2025-01-18 01:00:00,104687.21,104135.57,104687.11,851.88,88943172.18,104304.54,direct,
45897,2025-01-18 02:00:00,104524.83,104263.73,104304.54,463.99,48453345.84,104338.99,direct,
45898,2025-01-18 03:00:00,104478.92,103064.73,104338.99,1534.12,159155304.7,103557.85,direct,
45899,2025-01-18 04:00:00,103688.59,102658.9,103557.85,1279.66,132122606.13,103558.4,direct,
45900,2025-01-18 05:00:00,103734.27,102808.56,103558.4,1448.87,149833239.46,102816.29,direct,
45901,2025-01-18 06:00:00,103576.08,102814.38,102816.29,710.45,73361540.75,103396.52,direct,
45902,2025-01-18 07:00:00,103459.38,102561.27,103396.52,535.6,55142111.42,102781.27,direct,
45903,2025-01-18 08:00:00,103296.26,102234.37,102781.27,701.07,72013897.74,103230.22,direct,
45904,2025-01-18 09:00:00,103418.31,103013.43,103230.22,457.14,47188592.81,103097.06,direct,
45905,2025-01-18 10:00:00,103228.98,102783.4,103097.06,624.78,64368220.47,103122.05,direct,
45906,2025-01-18 11:00:00,103822.35,102880.09,103122.05,480.41,49630733.97,103545.36,direct,
45907,2025-01-18 12:00:00,103980.31,103333.38,103545.36,933.42,96679186.63,103402.95,direct,
45908,2025-01-18 13:00:00,104340.32,103085.41,103402.95,1295.8,134365180.85,104306.48,direct,
45909,2025-01-18 14:00:00,104501.02,103695.97,104306.48,1740.86,181254260.93,103942.0,direct,
45910,2025-01-18 15:00:00,104927.11,103714.36,103942.0,1798.1,187752769.56,104504.94,direct,
45911,2025-01-18 16:00:00,104639.15,103074.04,104504.94,2839.22,294759988.59,103182.14,direct,
45912,2025-01-18 17:00:00,104126.17,103181.52,103182.14,1420.78,147453549.34,103743.29,direct,
45913,2025-01-18 18:00:00,104321.38,103710.74,103743.29,1548.42,161022774.24,104019.94,direct,
45914,2025-01-18 19:00:00,104388.21,103993.08,104019.94,848.48,88383965.74,104283.36,direct,
45915,2025-01-18 20:00:00,104391.9,103689.36,104283.36,964.3,100248253.25,103935.05,direct,
45916,2025-01-18 21:00:00,104162.39,103787.52,103935.05,900.91,93667214.72,103794.62,direct,
45917,2025-01-18 22:00:00,104208.83,103768.11,103794.62,443.25,46099630.99,104195.18,direct,
45918,2025-01-18 23:00:00,104637.39,104194.93,104195.18,813.35,84930028.72,104431.52,direct,
45919,2025-01-19 00:00:00,104433.1,104019.28,104431.52,697.17,72660908.12,104021.86,direct,
45920,2025-01-19 01:00:00,104571.01,103908.42,104021.86,868.65,90569610.66,104379.92,direct,
45921,2025-01-19 02:00:00,105328.22,104379.9,104379.92,1427.35,149721652.62,104769.84,direct,
45922,2025-01-19 03:00:00,105057.87,104458.81,104769.84,862.46,90342819.83,104864.02,direct,
45923,2025-01-19 04:00:00,105138.13,104559.59,104864.02,809.59,84888063.96,104906.73,direct,
45924,2025-01-19 05:00:00,105020.05,104152.44,104906.73,790.56,82678085.98,105004.56,direct,
45925,2025-01-19 06:00:00,105490.13,104917.47,105004.56,464.91,48889468.9,105436.47,direct,
45926,2025-01-19 07:00:00,105460.26,104789.91,105436.47,504.69,53028041.03,105010.98,direct,
45927,2025-01-19 08:00:00,105011.1,104163.93,105010.98,714.44,74656328.11,104261.13,direct,
45928,2025-01-19 09:00:00,105289.13,103290.24,104261.13,1756.21,182874904.38,105146.53,direct,
45929,2025-01-19 10:00:00,105147.76,104248.63,105146.53,852.33,89224752.17,104646.61,direct,
45930,2025-01-19 11:00:00,105181.75,104042.86,104646.61,1171.2,122543011.68,104191.56,direct,
45931,2025-01-19 12:00:00,104865.79,104150.58,104191.56,1672.36,174762797.76,104770.24,direct,
45932,2025-01-19 13:00:00,105162.05,104704.15,104770.24,1463.69,153578670.02,104800.45,direct,
45933,2025-01-19 14:00:00,105549.03,104633.19,104800.45,2409.62,252936764.11,105004.42,direct,
45934,2025-01-19 15:00:00,105089.4,104395.26,105004.42,1504.18,157497781.69,104792.26,direct,
45935,2025-01-19 16:00:00,105072.35,104559.05,104792.26,884.43,92681274.33,104811.68,direct,
45936,2025-01-19 17:00:00,105033.68,104392.18,104811.68,1095.32,114600026.73,104988.59,direct,
45937,2025-01-19 18:00:00,105126.62,104789.33,104988.59,662.51,69544940.46,104903.26,direct,
45938,2025-01-19 19:00:00,106075.45,104848.61,104903.26,1103.41,116417006.17,106062.98,direct,
45939,2025-01-19 20:00:00,106317.18,105392.01,106062.98,2461.26,260770072.03,106178.06,direct,
45940,2025-01-19 21:00:00,106267.6,103537.47,106178.06,5402.84,564754194.35,103537.47,direct,
45941,2025-01-19 22:00:00,104351.2,101015.12,103537.47,5796.08,597762141.59,103301.37,direct,
45942,2025-01-19 23:00:00,103304.82,99537.53,103301.37,6222.09,628522285.42,101212.56,direct,
45943,2025-01-20 00:00:00,101557.79,99449.75,101212.56,3621.51,364167796.36,99664.33,direct,
45944,2025-01-20 01:00:00,100823.82,99497.32,99664.33,2662.92,266414314.19,100539.87,direct,
45945,2025-01-20 02:00:00,102167.09,100459.31,100539.87,1730.4,175406724.73,101797.17,direct,
45946,2025-01-20 03:00:00,102067.41,101317.55,101797.17,1365.84,138777876.13,101791.76,direct,
45947,2025-01-20 04:00:00,102678.65,101443.03,101791.76,965.91,98496373.09,102126.94,direct,
45948,2025-01-20 05:00:00,102711.36,102017.34,102126.94,833.43,85352188.06,102229.36,direct,
45949,2025-01-20 06:00:00,109340.21,102126.7,102229.36,6012.04,640180394.79,107304.25,direct,
45950,2025-01-20 07:00:00,109214.4,106779.4,107304.25,5529.49,598592422.28,106962.44,direct,
45951,2025-01-20 08:00:00,108239.9,106939.47,106962.44,1796.36,193694578.81,108180.49,direct,
45952,2025-01-20 09:00:00,109043.4,107428.58,108180.49,2265.16,245232737.47,107995.06,direct,
45953,2025-01-20 10:00:00,108580.13,107641.3,107995.06,1568.06,169578658.55,107834.59,direct,
45954,2025-01-20 11:00:00,108396.43,107657.51,107834.59,1048.49,113326143.68,108107.42,direct,
45955,2025-01-20 12:00:00,108552.98,105356.34,108107.42,3975.22,423840032.31,106790.36,direct,
45956,2025-01-20 13:00:00,107979.61,106527.1,106790.36,2005.35,215237893.3,107814.65,direct,
45957,2025-01-20 14:00:00,107979.86,107140.8,107814.65,1768.63,190301100.28,107737.51,direct,
45958,2025-01-20 15:00:00,107838.31,104384.87,107737.51,3383.52,359251542.94,104830.15,direct,
45959,2025-01-20 16:00:00,106885.4,103636.91,104830.15,3339.75,351681769.47,106533.66,direct,
45960,2025-01-20 17:00:00,106616.81,100529.19,106533.66,13951.46,1441254141.0,102851.98,direct,
45961,2025-01-20 18:00:00,104368.71,102641.3,102851.98,3102.6,321449608.54,103834.75,direct,
45962,2025-01-20 19:00:00,103863.5,102656.98,103834.75,1879.18,194177580.84,103586.96,direct,
45963,2025-01-20 20:00:00,104217.42,103269.6,103586.96,1321.74,137115266.06,103539.5,direct,
45964,2025-01-20 21:00:00,103954.36,102467.17,103539.5,1431.52,147852599.78,102474.11,direct,
45965,2025-01-20 22:00:00,103682.75,101775.14,102474.11,1486.23,152645269.03,103476.72,direct,
45966,2025-01-20 23:00:00,103544.4,101619.42,103476.72,1795.55,184278673.67,102148.74,direct,
45967,2025-01-21 00:00:00,102527.75,100972.6,102148.74,2649.71,269580585.69,101045.06,direct,
45968,2025-01-21 01:00:00,102087.91,100069.04,101045.06,7123.01,720612411.8,101368.97,direct,
45969,2025-01-21 02:00:00,102621.11,100966.4,101368.97,4175.56,425890601.53,102414.65,direct,
45970,2025-01-21 03:00:00,103119.97,102171.62,102414.65,2608.17,267908463.28,102812.15,direct,
45971,2025-01-21 04:00:00,102843.12,101821.01,102812.15,2347.48,240234422.96,102208.7,direct,
45972,2025-01-21 05:00:00,102394.05,101225.14,102208.7,2139.34,217576319.35,101251.84,direct,
45973,2025-01-21 06:00:00,102049.08,100989.28,101251.84,2007.07,203897991.5,102030.06,direct,
45974,2025-01-21 07:00:00,102351.13,101714.35,102030.06,1674.44,170959733.71,101866.79,direct,
45975,2025-01-21 08:00:00,102361.02,101627.45,101866.79,1670.01,170505316.2,102332.77,direct,
45976,2025-01-21 09:00:00,102758.52,101971.04,102332.77,2018.13,206670770.79,102598.18,direct,
45977,2025-01-21 10:00:00,103264.42,102459.76,102598.18,1935.68,199064768.06,103059.56,direct,
45978,2025-01-21 11:00:00,103866.19,102980.47,103059.56,2214.41,229283349.79,103665.49,direct,
45979,2025-01-21 12:00:00,104619.05,103519.95,103665.49,2541.79,264935633.81,104407.6,direct,
45980,2025-01-21 13:00:00,104891.38,104063.14,104407.6,2373.42,248058418.26,104369.49,direct,
45981,2025-01-21 14:00:00,105231.2,102926.1,104369.49,6474.1,672749769.84,103171.9,direct,
45982,2025-01-21 15:00:00,103996.1,102696.36,103171.9,6368.76,657997504.23,103859.16,direct,
45983,2025-01-21 16:00:00,106477.52,103737.36,103859.16,9288.73,979742168.1,104925.78,direct,
45984,2025-01-21 17:00:00,106396.73,104842.84,104925.78,4449.21,470294126.36,106173.6,direct,
45985,2025-01-21 18:00:00,107252.77,105877.37,106173.6,5870.2,625968547.75,106866.55,direct,
45986,2025-01-21 19:00:00,107151.49,106263.15,106866.55,4143.15,442233533.47,107043.98,direct,
45987,2025-01-21 20:00:00,107206.02,105928.94,107043.98,4736.81,504688565.99,106132.91,direct,
45988,2025-01-21 21:00:00,106837.88,105776.11,106132.91,2545.71,270628746.91,106806.64,direct,
45989,2025-01-21 22:00:00,106808.62,106002.94,106806.64,965.07,102752580.47,106017.44,direct,
45990,2025-01-21 23:00:00,106294.38,105434.49,106017.44,2232.82,236386789.42,106155.61,direct,
45991,2025-01-22 00:00:00,106319.05,105799.02,106155.61,1595.73,169137366.81,105946.45,direct,
45992,2025-01-22 01:00:00,106398.57,105454.98,105946.45,1706.1,180553240.98,105801.81,direct,
45993,2025-01-22 02:00:00,106199.05,105562.57,105801.81,1086.83,115087997.9,105594.12,direct,
45994,2025-01-22 03:00:00,105914.66,105593.6,105594.12,737.47,77983806.45,105613.84,direct,
45995,2025-01-22 04:00:00,105818.07,105296.42,105613.84,837.51,88450287.94,105574.87,direct,
45996,2025-01-22 05:00:00,105860.12,105493.88,105574.87,654.36,69145430.5,105695.27,direct,
45997,2025-01-22 06:00:00,105952.79,105181.65,105695.27,1024.66,108155296.46,105376.81,direct,
45998,2025-01-22 07:00:00,105667.63,105053.9,105376.81,924.7,97376011.54,105079.59,direct,
45999,2025-01-22 08:00:00,105343.92,104707.48,105079.59,1600.0,168002362.12,105255.53,direct,
46000,2025-01-22 09:00:00,105261.3,104914.99,105255.53,978.54,102781703.53,104979.87,direct,
46001,2025-01-22 10:00:00,105156.24,104638.31,104979.87,1007.46,105681228.07,105123.52,direct,
46002,2025-01-22 11:00:00,105445.72,104614.44,105123.52,1472.22,154514380.16,105072.26,direct,
46003,2025-01-22 12:00:00,105584.66,105054.48,105072.26,977.02,102922412.51,105275.18,direct,
46004,2025-01-22 13:00:00,105355.07,103801.78,105275.18,2351.56,245859490.28,104052.9,direct,
46005,2025-01-22 14:00:00,104912.83,103631.42,104052.9,4524.56,471435023.96,104385.96,direct,
46006,2025-01-22 15:00:00,105151.68,103964.33,104385.96,4476.77,467850197.8,104191.51,direct,
46007,2025-01-22 16:00:00,104220.37,103321.48,104191.51,3680.92,382067514.89,103699.37,direct,
46008,2025-01-22 17:00:00,104600.65,103665.36,103699.37,2775.13,289343929.67,104356.25,direct,
46009,2025-01-22 18:00:00,104685.3,103738.72,104356.25,2287.61,238628280.53,103885.89,direct,
46010,2025-01-22 19:00:00,104725.8,103841.79,103885.89,2178.5,227505873.06,104610.39,direct,
46011,2025-01-22 20:00:00,104812.85,104059.38,104610.39,3239.51,338192616.83,104304.61,direct,
46012,2025-01-22 21:00:00,104355.95,103596.93,104304.61,1750.29,181973258.95,104073.14,direct,
46013,2025-01-22 22:00:00,104486.77,103754.48,104073.14,960.41,99948786.18,103856.55,direct,
46014,2025-01-22 23:00:00,104123.98,103613.15,103856.55,1168.63,121376900.07,103669.08,direct,
46015,2025-01-23 00:00:00,103776.85,103007.32,103669.08,1810.41,187115112.94,103245.38,direct,
46016,2025-01-23 01:00:00,103601.53,102515.18,103245.38,2320.89,239143852.48,102889.99,direct,
46017,2025-01-23 02:00:00,102940.98,102028.19,102889.99,3005.8,307701246.95,102604.57,direct,
46018,2025-01-23 03:00:00,102935.25,102131.4,102604.57,1344.87,138070985.6,102392.43,direct,
46019,2025-01-23 04:00:00,102423.98,101520.1,102392.43,1328.74,135444203.44,101984.34,direct,
46020,2025-01-23 05:00:00,102571.1,101922.77,101984.34,552.93,56515801.82,102479.11,direct,
46021,2025-01-23 06:00:00,102910.45,102165.37,102479.11,621.8,63773328.3,102220.06,direct,
46022,2025-01-23 07:00:00,102729.59,102026.39,102220.06,495.76,50725621.96,102655.38,direct,
46023,2025-01-23 08:00:00,102655.49,102015.94,102655.38,544.02,55673798.59,102171.6,direct,
46024,2025-01-23 09:00:00,102420.08,101597.48,102171.6,662.1,67531186.06,101615.4,direct,
46025,2025-01-23 10:00:00,102020.42,101221.0,101615.4,960.15,97560499.2,101651.05,direct,
46026,2025-01-23 11:00:00,102160.91,101649.99,101651.05,610.72,62258843.52,101918.8,direct,
46027,2025-01-23 12:00:00,102095.2,101371.57,101918.8,1455.88,147979479.14,101595.75,direct,
46028,2025-01-23 13:00:00,102669.0,101277.07,101595.75,2112.22,215308280.2,102471.13,direct,
46029,2025-01-23 14:00:00,106057.12,101957.15,102471.13,8796.8,919347174.51,105192.91,direct,
46030,2025-01-23 15:00:00,105809.71,102687.92,105192.91,13844.13,1441886883.53,105282.63,direct,
46031,2025-01-23 16:00:00,106865.3,105066.51,105282.63,9612.22,1017807198.36,105169.57,direct,
46032,2025-01-23 17:00:00,106269.19,104248.06,105169.57,4887.39,514100991.2,105958.86,direct,
46033,2025-01-23 18:00:00,106194.46,105150.18,105958.86,2789.77,294642659.92,105473.57,direct,
46034,2025-01-23 19:00:00,105549.7,103437.61,105473.57,4056.45,424312211.66,103814.24,direct,
46035,2025-01-23 20:00:00,106493.83,102610.04,103814.24,21656.8,2269227581.74,103335.15,direct,
46036,2025-01-23 21:00:00,103450.11,102272.96,103335.15,5925.38,609894106.71,103108.48,direct,
46037,2025-01-23 22:00:00,104723.83,103015.53,103108.48,2939.61,305336608.77,104006.01,direct,
46038,2025-01-23 23:00:00,104581.8,103807.76,104006.01,1728.81,180203958.13,103933.88,direct,
46039,2025-01-24 00:00:00,104172.4,103422.28,103933.88,1324.86,137471102.31,103450.08,direct,
46040,2025-01-24 01:00:00,103884.78,103047.47,103450.08,1184.73,122550468.15,103213.67,direct,
46041,2025-01-24 02:00:00,103520.12,102955.95,103213.67,1313.47,135596680.48,103015.47,direct,
46042,2025-01-24 03:00:00,104282.06,102751.09,103015.47,2295.17,237909567.94,103886.95,direct,
46043,2025-01-24 04:00:00,104899.16,103793.51,103886.95,1077.97,112428522.76,104612.81,direct,
46044,2025-01-24 05:00:00,105252.25,104543.48,104612.81,999.68,104860540.34,105217.01,direct,
46045,2025-01-24 06:00:00,105341.08,104624.24,105217.01,691.18,72528731.97,104986.6,direct,
46046,2025-01-24 07:00:00,105173.14,104661.35,104986.6,1046.33,109778656.31,105062.32,direct,
46047,2025-01-24 08:00:00,105645.69,104926.45,105062.32,807.7,85087194.19,105515.77,direct,
46048,2025-01-24 09:00:00,105767.76,105069.09,105515.77,730.98,77060515.35,105166.85,direct,
46049,2025-01-24 10:00:00,105439.44,105054.0,105166.85,665.94,70100671.55,105433.74,direct,
46050,2025-01-24 11:00:00,105538.38,105229.17,105433.74,349.44,36827500.02,105436.82,direct,
46051,2025-01-24 12:00:00,105613.39,105202.73,105436.82,807.62,85119868.03,105539.66,direct,
46052,2025-01-24 13:00:00,105802.23,104992.49,105539.66,1226.78,129135497.13,105122.21,direct,
46053,2025-01-24 14:00:00,106335.36,104680.91,105122.21,3910.3,412793988.31,105782.05,direct,
46054,2025-01-24 15:00:00,106023.16,105264.75,105782.05,3507.3,370945584.59,105887.11,direct,
46055,2025-01-24 16:00:00,106206.14,105609.65,105887.11,2577.38,273247565.98,105680.59,direct,
46056,2025-01-24 17:00:00,106749.26,105643.45,105680.59,2864.34,304463719.72,106513.38,direct,
46057,2025-01-24 18:00:00,107170.86,106093.13,106513.38,3210.67,342802476.75,106361.08,direct,
46058,2025-01-24 19:00:00,106661.6,105733.29,106361.08,2063.72,219083004.28,105802.03,direct,
46059,2025-01-24 20:00:00,105802.03,104738.95,105802.03,3746.24,394239987.88,104858.83,direct,
46060,2025-01-24 21:00:00,105396.63,104854.64,104858.83,1780.77,187229520.04,105108.5,direct,
46061,2025-01-24 22:00:00,105484.2,104723.81,105108.5,844.93,88860708.81,104775.15,direct,
46062,2025-01-24 23:00:00,104928.8,104462.63,104775.15,1174.44,122915085.06,104854.78,direct,
46063,2025-01-25 00:00:00,104863.26,104357.48,104854.78,1185.59,124024999.44,104418.83,direct,
46064,2025-01-25 01:00:00,104795.57,104374.84,104418.83,759.02,79430168.9,104719.9,direct,
46065,2025-01-25 02:00:00,104821.24,104457.7,104719.9,575.77,60241521.04,104538.31,direct,
46066,2025-01-25 03:00:00,105251.53,104442.75,104538.31,760.92,79767113.79,105176.5,direct,
46067,2025-01-25 04:00:00,105181.74,104599.94,105176.5,341.78,35837996.93,104636.84,direct,
46068,2025-01-25 05:00:00,104670.86,104229.02,104636.84,529.17,55284515.12,104344.09,direct,
46069,2025-01-25 06:00:00,104448.54,104202.44,104344.09,530.89,55372571.85,104292.22,direct,
46070,2025-01-25 07:00:00,104499.95,104271.05,104292.22,173.41,18105341.85,104369.72,direct,
46071,2025-01-25 08:00:00,104484.38,104138.6,104369.72,214.49,22370954.21,104330.05,direct,
46072,2025-01-25 09:00:00,104441.21,104263.1,104330.05,171.25,17870724.85,104362.87,direct,
46073,2025-01-25 10:00:00,104644.01,104107.08,104362.87,405.52,42318101.76,104528.73,direct,
46074,2025-01-25 11:00:00,104686.14,104389.03,104528.73,263.23,27521189.84,104668.02,direct,
46075,2025-01-25 12:00:00,104786.74,104453.27,104668.02,329.63,34483543.13,104744.97,direct,
46076,2025-01-25 13:00:00,104853.36,104625.28,104744.97,457.15,47889225.78,104700.3,direct,
46077,2025-01-25 14:00:00,104710.94,104466.28,104700.3,377.46,39473139.6,104589.44,direct,
46078,2025-01-25 15:00:00,105100.37,104582.15,104589.44,737.62,77354177.48,104897.66,direct,
46079,2025-01-25 16:00:00,104996.81,104583.36,104897.66,655.26,68662172.09,104658.95,direct,
46080,2025-01-25 17:00:00,104919.02,104448.52,104658.95,724.15,75798974.8,104885.64,direct,
46081,2025-01-25 18:00:00,105282.15,104823.41,104885.64,788.16,82750037.09,104967.93,direct,
46082,2025-01-25 19:00:00,105174.24,104900.83,104967.93,448.63,47133067.07,105033.34,direct,
46083,2025-01-25 20:00:00,105178.1,104943.92,105033.34,269.09,28271553.18,104953.2,direct,
46084,2025-01-25 21:00:00,105111.56,104852.09,104953.2,361.81,37973222.96,105088.52,direct,
46085,2025-01-25 22:00:00,105241.71,104985.78,105088.52,313.66,32968940.21,105071.55,direct,
46086,2025-01-25 23:00:00,105116.71,104681.47,105071.55,462.01,48467078.59,104733.15,direct,
46087,2025-01-26 00:00:00,104828.73,104514.5,104733.15,357.06,37379784.56,104582.41,direct,
46088,2025-01-26 01:00:00,104752.58,104507.29,104582.41,310.21,32451613.19,104602.16,direct,
46089,2025-01-26 02:00:00,104697.96,104509.71,104602.16,255.99,26775170.57,104664.08,direct,
46090,2025-01-26 03:00:00,105208.78,104664.08,104664.08,500.64,52533566.01,105044.0,direct,
46091,2025-01-26 04:00:00,105475.33,104960.94,105044.0,382.8,40270896.87,105146.1,direct,
46092,2025-01-26 05:00:00,105178.06,104978.63,105146.1,186.59,19605366.24,105075.22,direct,
46093,2025-01-26 06:00:00,105091.13,104944.98,105075.22,85.57,8986540.83,104971.0,direct,
46094,2025-01-26 07:00:00,105064.26,104925.85,104971.0,97.47,10231825.21,104975.05,direct,
46095,2025-01-26 08:00:00,105193.06,104859.09,104975.05,227.58,23898546.57,105013.59,direct,
46096,2025-01-26 09:00:00,105019.44,104427.01,105013.59,485.05,50749490.68,104619.62,direct,
46097,2025-01-26 10:00:00,104709.71,104492.3,104619.62,193.3,20218898.95,104696.28,direct,
46098,2025-01-26 11:00:00,104841.92,104668.44,104696.28,147.18,15416534.44,104812.69,direct,
46099,2025-01-26 12:00:00,104890.72,104702.25,104812.69,157.7,16520229.05,104890.72,direct,
46100,2025-01-26 13:00:00,105045.65,104829.89,104890.72,340.2,35695594.08,104950.53,direct,
46101,2025-01-26 14:00:00,105001.08,104796.5,104950.53,275.69,28915196.84,104930.32,direct,
46102,2025-01-26 15:00:00,105052.56,104872.79,104930.32,413.97,43463673.19,104961.04,direct,
46103,2025-01-26 16:00:00,105021.39,104885.2,104961.04,265.85,27902482.03,104929.12,direct,
46104,2025-01-26 17:00:00,105028.5,104903.57,104929.12,191.4,20091305.64,104933.89,direct,
46105,2025-01-26 18:00:00,105234.58,104894.07,104933.89,541.65,56929320.09,105160.9,direct,
46106,2025-01-26 19:00:00,105218.62,105018.1,105160.9,276.17,29023706.33,105067.31,direct,
46107,2025-01-26 20:00:00,105174.63,104901.7,105067.31,319.42,33549921.41,104928.88,direct,
46108,2025-01-26 21:00:00,104970.87,104552.56,104928.88,681.1,71356506.59,104555.58,direct,
46109,2025-01-26 22:00:00,104694.14,104295.7,104555.58,976.12,101964310.88,104322.06,direct,
46110,2025-01-26 23:00:00,104322.12,102487.8,104322.06,6449.92,665504017.74,102576.93,direct,
46111,2025-01-27 00:00:00,103230.24,101531.73,102576.93,3948.54,404356285.11,101669.98,direct,
46112,2025-01-27 01:00:00,102025.24,101100.95,101669.98,4365.72,443450433.41,101237.35,direct,
46113,2025-01-27 02:00:00,101620.68,100786.15,101237.35,3665.15,370715422.95,100933.73,direct,
46114,2025-01-27 03:00:00,101813.58,100667.26,100933.73,1769.31,179244245.7,101366.75,direct,
46115,2025-01-27 04:00:00,101368.49,100212.03,101366.75,2706.2,272443707.38,100359.82,direct,
46116,2025-01-27 05:00:00,100685.55,99701.56,100359.82,2878.51,288346652.84,100319.75,direct,
46117,2025-01-27 06:00:00,100446.92,98672.14,100319.75,4763.47,473744480.56,98900.7,direct,
46118,2025-01-27 07:00:00,99349.16,97712.77,98900.7,5642.65,556202014.1,99000.52,direct,
46119,2025-01-27 08:00:00,99326.91,98668.2,99000.52,2483.94,245791160.14,98996.55,direct,
46120,2025-01-27 09:00:00,99494.71,98753.83,98996.55,1952.13,193540608.56,99382.72,direct,
46121,2025-01-27 10:00:00,99423.62,98217.63,99382.72,2947.65,291343769.66,98334.44,direct,
46122,2025-01-27 11:00:00,99295.49,98276.59,98334.44,2404.17,237608085.26,98719.44,direct,
46123,2025-01-27 12:00:00,100837.27,98676.29,98719.44,3363.52,335285327.87,100584.48,direct,
46124,2025-01-27 13:00:00,101651.98,100012.13,100584.48,6039.02,609191958.76,100492.28,direct,
46125,2025-01-27 14:00:00,102338.48,100109.33,100492.28,8284.58,837951603.78,101907.74,direct,
46126,2025-01-27 15:00:00,102119.87,100843.56,101907.74,5615.02,570400390.93,101095.22,direct,
46127,2025-01-27 16:00:00,101223.83,99544.82,101095.22,5661.35,567916842.48,99701.85,direct,
46128,2025-01-27 17:00:00,100007.28,99023.61,99701.85,4911.25,488749969.81,99100.37,direct,
46129,2025-01-27 18:00:00,99705.54,98814.21,99100.37,3831.2,380236149.14,99138.02,direct,
46130,2025-01-27 19:00:00,99904.07,99119.78,99138.02,3585.99,356756089.55,99644.42,direct,
46131,2025-01-27 20:00:00,101728.64,99556.04,99644.42,5413.86,545188923.89,101367.22,direct,
46132,2025-01-27 21:00:00,102405.54,100904.64,101367.22,5197.75,528964656.34,101314.07,direct,
46133,2025-01-27 22:00:00,101930.11,101247.65,101314.07,1278.45,129845668.85,101613.08,direct,
46134,2025-01-27 23:00:00,102160.42,101609.79,101613.08,1762.68,179622332.17,102065.72,direct,
46135,2025-01-28 00:00:00,102924.31,101769.41,102065.72,3535.79,362297033.33,101847.27,direct,
46136,2025-01-28 01:00:00,101985.78,101372.06,101847.27,1375.64,139870360.71,101372.06,direct,
46137,2025-01-28 02:00:00,102422.41,101329.64,101372.06,1702.33,173490895.72,102388.42,direct,
46138,2025-01-28 03:00:00,102874.36,102041.27,102388.42,1229.34,125928529.2,102639.1,direct,
46139,2025-01-28 04:00:00,103363.33,102596.59,102639.1,918.93,94649282.66,102915.0,direct,
46140,2025-01-28 05:00:00,103346.66,102818.01,102915.0,524.96,54119786.69,103015.65,direct,
46141,2025-01-28 06:00:00,103197.97,102623.81,103015.65,354.01,36417358.28,102749.05,direct,
46142,2025-01-28 07:00:00,103329.86,102523.59,102749.05,734.64,75632344.32,102801.61,direct,
46143,2025-01-28 08:00:00,103031.71,102627.88,102801.61,408.9,42037038.31,102842.91,direct,
46144,2025-01-28 09:00:00,102948.21,102389.09,102842.91,450.55,46272171.22,102939.86,direct,
46145,2025-01-28 10:00:00,103180.52,102587.43,102939.86,482.53,49646340.01,102732.52,direct,
46146,2025-01-28 11:00:00,102919.8,102556.5,102732.52,321.09,32988855.82,102759.05,direct,
46147,2025-01-28 12:00:00,102980.77,102472.25,102759.05,1098.92,112850915.77,102598.92,direct,
46148,2025-01-28 13:00:00,102936.59,102491.06,102598.92,934.16,95925543.89,102585.61,direct,
46149,2025-01-28 14:00:00,102884.43,101812.79,102585.61,5301.25,542849513.72,102639.64,direct,
46150,2025-01-28 15:00:00,103787.72,102499.88,102639.64,5302.49,546609406.02,102772.19,direct,
46151,2025-01-28 16:00:00,102912.68,101916.06,102772.19,3458.29,353791765.25,102247.87,direct,
46152,2025-01-28 17:00:00,103093.01,102212.86,102247.87,2654.64,272586952.26,102578.7,direct,
46153,2025-01-28 18:00:00,103099.17,102136.06,102578.7,2534.48,260189255.95,102180.67,direct,
46154,2025-01-28 19:00:00,102638.95,101802.25,102180.67,2128.72,217507461.81,102404.03,direct,
46155,2025-01-28 20:00:00,102509.51,101164.67,102404.03,2409.28,245354956.86,101212.89,direct,
46156,2025-01-28 21:00:00,101474.3,100222.46,101212.89,2898.58,292677796.74,100282.81,direct,
46157,2025-01-28 22:00:00,101340.81,100221.08,100282.81,1944.6,195808104.39,101199.32,direct,
46158,2025-01-28 23:00:00,101392.94,100697.08,101199.32,1392.25,140749208.57,101284.47,direct,
46159,2025-01-29 00:00:00,101767.04,101279.83,101284.47,1188.43,120624761.66,101647.28,direct,
46160,2025-01-29 01:00:00,101932.56,101412.18,101647.28,920.89,93660162.24,101786.32,direct,
46161,2025-01-29 02:00:00,102277.33,101649.66,101786.32,967.12,98554683.17,101740.95,direct,
46162,2025-01-29 03:00:00,102134.54,101722.87,101740.95,770.77,78570861.5,102015.79,direct,
46163,2025-01-29 04:00:00,102155.64,101942.98,102015.79,342.86,34990888.38,101962.85,direct,
46164,2025-01-29 05:00:00,102347.58,101938.65,101962.85,365.43,37346118.07,102234.35,direct,
46165,2025-01-29 06:00:00,102813.57,102211.35,102234.35,509.05,52190664.57,102776.52,direct,
46166,2025-01-29 07:00:00,102780.02,102432.6,102776.52,372.15,38171629.12,102698.82,direct,
46167,2025-01-29 08:00:00,102985.69,102649.96,102698.82,503.92,51809835.04,102702.11,direct,
46168,2025-01-29 09:00:00,102733.31,102252.78,102702.11,402.74,41280972.61,102289.82,direct,
46169,2025-01-29 10:00:00,102672.1,102138.17,102289.82,454.18,46528867.37,102499.56,direct,
46170,2025-01-29 11:00:00,102757.47,102371.47,102499.56,442.07,45326011.57,102581.34,direct,
46171,2025-01-29 12:00:00,102768.46,102177.3,102581.34,1015.1,104000753.3,102196.44,direct,
46172,2025-01-29 13:00:00,102290.82,101679.92,102196.44,1740.98,177452776.36,101803.5,direct,
46173,2025-01-29 14:00:00,102342.47,101548.41,101803.5,2883.42,293988878.47,101996.84,direct,
46174,2025-01-29 15:00:00,102476.35,101758.94,101996.84,2545.84,259886679.33,101959.17,direct,
46175,2025-01-29 16:00:00,102117.33,101645.24,101959.17,1534.35,156374570.18,102064.49,direct,
46176,2025-01-29 17:00:00,102771.3,101972.83,102064.49,1798.14,184183550.38,102391.7,direct,
46177,2025-01-29 18:00:00,103015.63,101991.16,102391.7,2668.27,273642065.32,102851.48,direct,
46178,2025-01-29 19:00:00,103974.16,101397.92,102851.48,10725.33,1102014168.13,103583.27,direct,
46179,2025-01-29 20:00:00,104796.98,102842.68,103583.27,8606.34,894311438.09,104211.04,direct,
46180,2025-01-29 21:00:00,104388.56,103738.29,104211.04,3769.57,392298274.07,103746.41,direct,
46181,2025-01-29 22:00:00,104010.41,103396.53,103746.41,1075.85,111483523.3,103518.69,direct,
46182,2025-01-29 23:00:00,104350.95,103460.18,103518.69,1477.27,153587457.19,103742.97,direct,
46183,2025-01-30 00:00:00,104133.9,103297.81,103742.97,1548.89,160595375.78,104031.9,direct,
46184,2025-01-30 01:00:00,104559.18,103929.24,104031.9,1477.8,154065693.14,104271.62,direct,
46185,2025-01-30 02:00:00,104663.17,103994.58,104271.62,1200.59,125230694.98,104663.16,direct,
46186,2025-01-30 03:00:00,105309.74,104503.43,104663.16,2146.06,225112821.55,105214.68,direct,
46187,2025-01-30 04:00:00,105613.7,104850.24,105214.68,1282.49,134885102.98,105499.77,direct,
46188,2025-01-30 05:00:00,105537.6,105049.49,105499.77,798.95,84166205.14,105385.07,direct,
46189,2025-01-30 06:00:00,105594.2,105173.43,105385.07,570.25,60086349.72,105191.87,direct,
46190,2025-01-30 07:00:00,105355.47,104830.22,105191.87,660.23,69332909.35,105142.63,direct,
46191,2025-01-30 08:00:00,105348.68,104946.15,105142.63,589.85,62039419.82,105058.98,direct,
46192,2025-01-30 09:00:00,105538.63,105019.15,105058.98,423.2,44587181.13,105409.02,direct,
46193,2025-01-30 10:00:00,105409.04,105105.24,105409.02,473.52,49828378.59,105333.11,direct,
46194,2025-01-30 11:00:00,105394.61,105070.89,105333.11,351.45,36984425.03,105299.32,direct,
46195,2025-01-30 12:00:00,105313.57,104851.38,105299.32,640.55,67283751.53,105011.95,direct,
46196,2025-01-30 13:00:00,105351.94,104819.17,105011.95,1475.34,155051114.6,104860.89,direct,
46197,2025-01-30 14:00:00,106235.49,104640.84,104860.89,4654.48,490785275.46,105932.19,direct,
46198,2025-01-30 15:00:00,106472.04,105401.78,105932.19,4904.22,519576320.02,105589.27,direct,
46199,2025-01-30 16:00:00,106029.37,105493.03,105589.27,2018.35,213542702.91,105712.36,direct,
46200,2025-01-30 17:00:00,105714.19,104927.53,105712.36,2103.97,221423263.57,105299.07,direct,
46201,2025-01-30 18:00:00,105616.09,104754.74,105299.07,2141.5,225422287.66,105600.19,direct,
46202,2025-01-30 19:00:00,105804.56,105253.91,105600.19,1602.81,169085947.46,105736.33,direct,
46203,2025-01-30 20:00:00,105848.6,104858.18,105736.33,3254.32,342880819.55,104926.62,direct,
46204,2025-01-30 21:00:00,105240.56,104817.68,104926.62,1257.7,132112877.45,105067.07,direct,
46205,2025-01-30 22:00:00,105367.31,104991.69,105067.07,365.28,38406351.72,105114.9,direct,
46206,2025-01-30 23:00:00,105266.27,104701.2,105114.9,717.38,75372437.22,104739.58,direct,
46207,2025-01-31 00:00:00,105044.46,104411.73,104739.58,1294.46,135536499.12,104913.66,direct,
46208,2025-01-31 01:00:00,104923.47,104419.25,104913.66,832.68,87150010.51,104737.92,direct,
46209,2025-01-31 02:00:00,104860.24,104244.74,104737.92,1020.71,106638182.08,104335.76,direct,
46210,2025-01-31 03:00:00,104372.77,103922.09,104335.76,1106.0,115162278.79,104325.51,direct,
46211,2025-01-31 04:00:00,104536.98,103947.59,104325.51,474.38,49451699.15,103992.65,direct,
46212,2025-01-31 05:00:00,104469.32,103988.21,103992.65,268.66,28024390.31,104307.13,direct,
46213,2025-01-31 06:00:00,104738.66,104289.82,104307.13,277.87,29044722.14,104521.95,direct,
46214,2025-01-31 07:00:00,104798.49,104015.11,104521.95,718.67,74998772.38,104191.09,direct,
46215,2025-01-31 08:00:00,104314.39,104019.54,104191.09,406.6,42348330.15,104023.75,direct,
46216,2025-01-31 09:00:00,104315.42,103904.69,104023.75,378.83,39439453.55,104249.88,direct,
46217,2025-01-31 10:00:00,104426.12,104079.47,104249.88,234.69,24464532.93,104278.59,direct,
46218,2025-01-31 11:00:00,104841.5,104276.54,104278.59,513.02,53687147.56,104737.22,direct,
46219,2025-01-31 12:00:00,104912.43,104545.58,104737.22,917.87,96100228.08,104708.42,direct,
46220,2025-01-31 13:00:00,105030.03,104554.48,104708.42,1143.17,119795650.83,104658.57,direct,
46221,2025-01-31 14:00:00,104850.2,104099.56,104658.57,2260.32,236097570.45,104435.85,direct,
46222,2025-01-31 15:00:00,106101.91,104434.68,104435.85,5645.05,594437576.25,105496.48,direct,
46223,2025-01-31 16:00:00,105622.74,104720.32,105496.48,2550.98,268197434.64,105086.62,direct,
46224,2025-01-31 17:00:00,105089.18,104547.07,105086.62,1702.19,178381327.15,104576.16,direct,
46225,2025-01-31 18:00:00,104825.51,102547.03,104576.16,6295.09,651022999.16,102587.9,direct,
46226,2025-01-31 19:00:00,102989.54,102068.43,102587.9,5349.75,548163540.65,102260.36,direct,
46227,2025-01-31 20:00:00,102263.25,101547.23,102260.36,5513.28,561808994.42,101620.46,direct,
46228,2025-01-31 21:00:00,102119.88,101514.21,101620.46,1923.71,195755721.82,102111.44,direct,
46229,2025-01-31 22:00:00,102465.53,101896.18,102111.44,766.78,78345823.83,102246.16,direct,
46230,2025-01-31 23:00:00,102419.22,101936.48,102246.16,627.55,64118178.45,102412.41,direct,
46231,2025-02-01 00:00:00,102552.77,102194.06,102412.41,727.67,74517895.24,102464.26,direct,
46232,2025-02-01 01:00:00,102751.79,102428.99,102464.26,748.42,76789851.6,102554.22,direct,
46233,2025-02-01 02:00:00,102768.26,102385.67,102554.22,634.8,65127436.56,102451.04,direct,
46234,2025-02-01 03:00:00,102511.8,102186.77,102451.04,503.28,51504212.76,102227.02,direct,
46235,2025-02-01 04:00:00,102480.27,102118.96,102227.02,351.2,35919333.39,102301.74,direct,
46236,2025-02-01 05:00:00,102576.62,102232.25,102301.74,226.72,23223017.66,102477.01,direct,
46237,2025-02-01 06:00:00,102561.32,102174.84,102477.01,157.01,16068974.77,102389.32,direct,
46238,2025-02-01 07:00:00,102474.95,102142.39,102389.32,154.61,15816758.77,102150.71,direct,
46239,2025-02-01 08:00:00,102258.4,101821.38,102150.71,308.53,31477883.44,101994.04,direct,
46240,2025-02-01 09:00:00,101994.49,101394.18,101994.04,557.55,56688524.7,101648.91,direct,
46241,2025-02-01 10:00:00,101956.41,101609.73,101648.91,365.19,37158959.31,101621.4,direct,
46242,2025-02-01 11:00:00,102030.74,101621.38,101621.4,304.25,30992097.14,102008.08,direct,
46243,2025-02-01 12:00:00,102304.79,101982.05,102008.08,466.88,47690992.18,102255.51,direct,
46244,2025-02-01 13:00:00,102264.2,101793.24,102255.51,534.2,54529866.92,101836.31,direct,
46245,2025-02-01 14:00:00,102139.75,101787.05,101836.31,741.5,75574539.81,101805.65,direct,
46246,2025-02-01 15:00:00,102157.96,101709.03,101805.65,686.89,70023557.12,102056.74,direct,
46247,2025-02-01 16:00:00,102201.22,101853.9,102056.74,569.87,58140580.9,101885.39,direct,
46248,2025-02-01 17:00:00,102270.9,101885.37,101885.39,563.98,57613224.41,102250.18,direct,
46249,2025-02-01 18:00:00,102260.38,101952.43,102250.18,439.68,44895022.35,101989.42,direct,
46250,2025-02-01 19:00:00,102011.27,101436.5,101989.42,865.87,88085894.01,101655.12,direct,
46251,2025-02-01 20:00:00,101655.91,100924.27,101655.12,1777.01,179882379.87,101309.14,direct,
46252,2025-02-01 21:00:00,101557.96,100994.75,101309.14,1024.94,103872936.45,101186.26,direct,
46253,2025-02-01 22:00:00,101402.2,100483.01,101186.26,1323.72,133512563.94,100640.23,direct,
46254,2025-02-01 23:00:00,100847.82,100270.22,100640.23,1657.94,166695162.96,100619.87,direct,
46255,2025-02-02 00:00:00,101279.35,100483.81,100619.87,1042.66,105252338.32,101230.35,direct,
46256,2025-02-02 01:00:00,101436.9,101141.1,101230.35,671.46,68016418.25,101217.0,direct,
46257,2025-02-02 02:00:00,101244.92,100404.23,101217.0,1091.71,110009516.31,100434.22,direct,
46258,2025-02-02 03:00:00,100729.19,99144.99,100434.22,3871.96,386273606.68,99178.11,direct,
46259,2025-02-02 04:00:00,99839.23,99028.94,99178.11,1296.92,128921876.97,99525.19,direct,
46260,2025-02-02 05:00:00,100318.97,99470.82,99525.19,502.85,50251807.05,100243.97,direct,
46261,2025-02-02 06:00:00,100481.58,100091.64,100243.97,408.51,40981116.65,100254.1,direct,
46262,2025-02-02 07:00:00,100262.22,99592.14,100254.1,470.75,46998188.73,99606.8,direct,
46263,2025-02-02 08:00:00,100073.23,99311.45,99606.8,611.85,60992935.44,99807.48,direct,
46264,2025-02-02 09:00:00,99833.35,99352.22,99807.48,549.87,54767570.26,99663.16,direct,
46265,2025-02-02 10:00:00,99669.62,99220.84,99663.16,547.87,54462699.77,99398.84,direct,
46266,2025-02-02 11:00:00,99565.41,98609.45,99398.84,1133.05,112215310.54,98825.37,direct,
46267,2025-02-02 12:00:00,99121.83,98123.81,98825.37,2224.57,219474603.47,98149.09,direct,
46268,2025-02-02 13:00:00,98785.53,98135.73,98149.09,1851.61,182467012.1,98756.7,direct,
46269,2025-02-02 14:00:00,99412.17,98677.83,98756.7,1696.07,168218578.29,99194.74,direct,
46270,2025-02-02 15:00:00,99367.53,98708.35,99194.74,1707.66,169215332.5,99317.3,direct,
46271,2025-02-02 16:00:00,99332.45,98055.64,99317.3,2911.24,287272631.07,98244.62,direct,
46272,2025-02-02 17:00:00,98506.1,96947.34,98244.62,6582.98,643606255.19,97162.89,direct,
46273,2025-02-02 18:00:00,97864.76,96781.05,97162.89,5921.32,575829799.32,97022.78,direct,
46274,2025-02-02 19:00:00,98654.99,96782.66,97022.78,5233.27,510812057.02,98221.51,direct,
46275,2025-02-02 20:00:00,98582.26,97622.93,98221.51,2194.8,215365160.17,97759.47,direct,
46276,2025-02-02 21:00:00,97937.35,96557.32,97759.47,3331.97,323663571.24,97003.17,direct,
46277,2025-02-02 22:00:00,98003.26,96158.45,97003.17,3606.5,350249835.09,97953.56,direct,
46278,2025-02-02 23:00:00,97953.83,96520.97,97953.56,7158.87,696685521.35,97665.06,direct,
46279,2025-02-03 00:00:00,97749.64,95475.11,97665.06,10660.52,1030082375.75,96472.17,direct,
46280,2025-02-03 01:00:00,96882.5,92020.42,96472.17,17625.87,1665480331.99,93400.49,direct,
46281,2025-02-03 02:00:00,95016.48,91142.87,93400.49,14644.07,1370128199.6,93565.8,direct,
46282,2025-02-03 03:00:00,94735.79,93427.92,93565.8,4642.44,437494762.57,94111.3,direct,
46283,2025-02-03 04:00:00,94551.07,92702.65,94111.3,2032.66,190020693.42,92839.58,direct,
46284,2025-02-03 05:00:00,94325.08,92822.47,92839.58,1715.42,160387742.23,94260.38,direct,
46285,2025-02-03 06:00:00,94701.16,93733.48,94260.38,1541.65,145230949.93,93987.29,direct,
46286,2025-02-03 07:00:00,95496.15,93928.77,93987.29,1540.54,145867265.89,95416.65,direct,
46287,2025-02-03 08:00:00,95709.43,94943.8,95416.65,1582.26,150831201.66,95413.16,direct,
46288,2025-02-03 09:00:00,96037.77,95326.94,95413.16,1581.85,151456531.27,95365.64,direct,
46289,2025-02-03 10:00:00,95806.13,94876.1,95365.64,1344.74,128108964.96,95776.02,direct,
46290,2025-02-03 11:00:00,95797.92,95017.18,95776.02,894.48,85312388.3,95179.57,direct,
46291,2025-02-03 12:00:00,95683.21,94854.57,95179.57,3616.53,343053192.14,94856.88,direct,
46292,2025-02-03 13:00:00,95471.72,94460.44,94856.88,3158.27,299848671.62,94740.34,direct,
46293,2025-02-03 14:00:00,96794.35,94222.36,94740.34,9453.46,903783763.44,96689.63,direct,
46294,2025-02-03 15:00:00,99658.73,96269.57,96689.63,10655.86,1045012980.71,99027.01,direct,
46295,2025-02-03 16:00:00,99223.88,98322.95,99027.01,5680.71,561181955.14,98691.22,direct,
46296,2025-02-03 17:00:00,99450.16,98146.98,98691.22,4752.44,469227683.06,99348.07,direct,
46297,2025-02-03 18:00:00,100108.37,99097.31,99348.07,4561.99,454325288.13,100011.24,direct,
46298,2025-02-03 19:00:00,102071.77,99773.35,100011.24,5351.05,540570783.76,102071.77,direct,
46299,2025-02-03 20:00:00,102118.12,101187.34,102071.77,5306.29,539628400.92,101218.06,direct,
46300,2025-02-03 21:00:00,102071.28,101030.57,101218.06,3195.23,324357653.4,101910.29,direct,
46301,2025-02-03 22:00:00,102575.82,101603.75,101910.29,2491.23,254223335.58,101794.75,direct,
46302,2025-02-03 23:00:00,101943.02,101391.58,101794.75,1066.19,108394922.57,101451.28,direct,
46303,2025-02-04 00:00:00,101777.53,101158.81,101451.28,1256.31,127537404.03,101166.02,direct,
46304,2025-02-04 01:00:00,101800.32,100827.66,101166.02,1904.34,192904080.36,101469.59,direct,
46305,2025-02-04 02:00:00,101517.06,100896.75,101469.59,1134.9,114875566.94,100927.86,direct,
46306,2025-02-04 03:00:00,101107.81,100646.67,100927.86,996.22,100451987.09,100707.28,direct,
46307,2025-02-04 04:00:00,100843.39,100107.05,100707.28,800.82,80391052.11,100150.97,direct,
46308,2025-02-04 05:00:00,100193.31,98311.6,100150.97,2645.67,262006950.39,98958.97,direct,
46309,2025-02-04 06:00:00,99711.58,98929.61,98958.97,1282.87,127432417.32,99446.4,direct,
46310,2025-02-04 07:00:00,99558.02,98390.8,99446.4,1178.18,116564646.14,98516.16,direct,
46311,2025-02-04 08:00:00,98791.49,97929.94,98516.16,1346.31,132373247.06,98364.52,direct,
46312,2025-02-04 09:00:00,98881.96,98340.07,98364.52,780.43,76978000.14,98412.53,direct,
46313,2025-02-04 10:00:00,99032.68,98407.1,98412.53,866.87,85629484.74,98861.34,direct,
46314,2025-02-04 11:00:00,99510.78,98826.86,98861.34,970.09,96318391.65,99046.99,direct,
46315,2025-02-04 12:00:00,99862.47,99044.22,99046.99,1607.64,159866432.43,99455.51,direct,
46316,2025-02-04 13:00:00,99635.53,99058.05,99455.51,1783.27,177365539.18,99104.44,direct,
46317,2025-02-04 14:00:00,100495.12,98657.26,99104.44,5091.3,508133828.53,100077.59,direct,
46318,2025-02-04 15:00:00,100327.78,98370.35,100077.59,6305.12,626266784.65,99432.4,direct,
46319,2025-02-04 16:00:00,99947.29,99087.94,99432.4,3197.51,318237153.55,99101.78,direct,
46320,2025-02-04 17:00:00,99665.17,98877.53,99101.78,2651.69,263062681.87,99218.37,direct,
46321,2025-02-04 18:00:00,99632.4,98822.27,99218.37,1845.93,183200579.45,99464.76,direct,
46322,2025-02-04 19:00:00,100855.9,98852.22,99464.76,4958.65,495500524.77,98921.05,direct,
46323,2025-02-04 20:00:00,99500.97,98001.33,98921.05,7996.02,788813006.38,98698.5,direct,
46324,2025-02-04 21:00:00,98705.77,96164.76,98698.5,7331.67,713213525.93,96282.46,direct,
46325,2025-02-04 22:00:00,97999.37,95090.81,96282.46,3776.04,363984972.87,97720.71,direct,
46326,2025-02-04 23:00:00,98239.17,97512.96,97720.71,1640.34,160454708.99,97794.88,direct,
46327,2025-02-05 00:00:00,98432.8,97746.77,97794.88,1900.73,186427495.72,98318.72,direct,
46328,2025-02-05 01:00:00,98974.06,97715.05,98318.72,1853.41,182359183.77,97871.23,direct,
46329,2025-02-05 02:00:00,98227.44,97167.05,97871.23,2427.27,237138382.5,98029.93,direct,
46330,2025-02-05 03:00:00,98351.85,97801.84,98029.93,1111.79,109019371.24,98083.28,direct,
46331,2025-02-05 04:00:00,98372.11,97930.12,98083.28,431.65,42361060.05,98077.25,direct,
46332,2025-02-05 05:00:00,98369.01,97731.45,98077.25,460.33,45125600.31,98171.3,direct,
46333,2025-02-05 06:00:00,98255.28,97587.48,98171.3,646.52,63293932.2,97671.72,direct,
46334,2025-02-05 07:00:00,98023.06,97407.11,97671.72,667.26,65157652.33,97908.01,direct,
46335,2025-02-05 08:00:00,98087.46,97606.07,97908.01,388.95,38055464.56,97676.0,direct,
46336,2025-02-05 09:00:00,98002.85,97308.88,97676.0,608.88,59445287.61,97447.55,direct,
46337,2025-02-05 10:00:00,98077.6,97412.09,97447.55,636.17,62229530.6,97790.19,direct,
46338,2025-02-05 11:00:00,98274.7,97758.51,97790.19,747.22,73287275.34,98261.99,direct,
46339,2025-02-05 12:00:00,98762.29,98040.75,98261.99,1521.62,149815951.95,98096.75,direct,
46340,2025-02-05 13:00:00,98729.83,97996.28,98096.75,1422.19,139965218.17,98634.97,direct,
46341,2025-02-05 14:00:00,99208.65,98152.16,98634.97,2958.25,292040544.07,98327.21,direct,
46342,2025-02-05 15:00:00,98595.76,97791.26,98327.21,3542.99,347856037.42,98146.08,direct,
46343,2025-02-05 16:00:00,98314.79,97360.43,98146.08,3158.25,308873484.59,98004.52,direct,
46344,2025-02-05 17:00:00,98289.89,97375.7,98004.52,2744.51,268102322.89,97591.02,direct,
46345,2025-02-05 18:00:00,97724.0,96525.51,97591.02,3762.73,365257997.86,96738.41,direct,
46346,2025-02-05 19:00:00,97526.53,96499.83,96738.41,2657.43,257917080.65,97386.68,direct,
46347,2025-02-05 20:00:00,97733.54,96896.49,97386.68,3087.08,300824058.63,97329.98,direct,
46348,2025-02-05 21:00:00,97548.82,96809.02,97329.98,1828.25,177853766.69,96942.65,direct,
46349,2025-02-05 22:00:00,97076.47,96292.54,96942.65,1980.61,191468387.0,96490.73,direct,
46350,2025-02-05 23:00:00,96867.13,96175.47,96490.73,2151.52,207685437.01,96633.71,direct,
46351,2025-02-06 00:00:00,97003.65,96459.74,96633.71,2195.33,212394416.3,96830.97,direct,
46352,2025-02-06 01:00:00,97248.61,96649.76,96830.97,1548.35,150244390.45,97177.87,direct,
46353,2025-02-06 02:00:00,97463.35,97110.69,97177.87,1088.51,105885386.68,97387.26,direct,
46354,2025-02-06 03:00:00,97514.04,97097.18,97387.26,680.98,66260971.93,97367.71,direct,
46355,2025-02-06 04:00:00,97862.75,97282.2,97367.71,612.13,59744748.62,97641.17,direct,
46356,2025-02-06 05:00:00,97903.1,97622.52,97641.17,271.53,26544447.73,97848.49,direct,
46357,2025-02-06 06:00:00,98464.09,97732.54,97848.49,790.56,77619770.77,98394.3,direct,
46358,2025-02-06 07:00:00,98395.95,98045.81,98394.3,492.5,48376990.12,98240.57,direct,
46359,2025-02-06 08:00:00,98350.92,97935.37,98240.57,412.17,40460629.33,98174.51,direct,
46360,2025-02-06 09:00:00,98775.68,98163.93,98174.51,814.37,80278316.56,98666.25,direct,
46361,2025-02-06 10:00:00,99098.26,98665.27,98666.25,706.33,69841069.46,99064.68,direct,
46362,2025-02-06 11:00:00,99180.75,98444.81,99064.68,833.92,82429427.46,98921.43,direct,
46363,2025-02-06 12:00:00,99093.8,98323.84,98921.43,1700.66,167725060.25,98375.29,direct,
46364,2025-02-06 13:00:00,98816.37,98197.25,98375.29,1739.66,171347981.91,98651.78,direct,
46365,2025-02-06 14:00:00,98943.68,97820.06,98651.78,4132.77,406328761.04,97870.81,direct,
46366,2025-02-06 15:00:00,98094.78,96966.36,97870.81,5473.24,533556690.16,97351.8,direct,
46367,2025-02-06 16:00:00,97581.41,96427.63,97351.8,3930.62,381291119.82,96609.99,direct,
46368,2025-02-06 17:00:00,97207.48,96415.9,96609.99,2571.08,248752448.99,96739.84,direct,
46369,2025-02-06 18:00:00,96868.34,95903.97,96739.84,4089.84,394115595.52,96341.91,direct,
46370,2025-02-06 19:00:00,96934.21,95691.57,96341.91,2964.35,285249394.23,96004.99,direct,
46371,2025-02-06 20:00:00,97102.08,95814.06,96004.99,2580.28,249009025.74,96933.12,direct,
46372,2025-02-06 21:00:00,96952.98,96125.0,96933.12,2431.57,234986057.58,96815.89,direct,
46373,2025-02-06 22:00:00,96947.33,96189.84,96815.89,1344.54,129717509.54,96947.33,direct,
46374,2025-02-06 23:00:00,96965.64,96204.9,96947.33,1319.8,127465130.79,96564.27,direct,
46375,2025-02-07 00:00:00,96939.3,96429.32,96564.27,1460.35,141196339.61,96524.26,direct,
46376,2025-02-07 01:00:00,97838.91,96518.63,96524.26,1584.98,153905558.26,97420.36,direct,
46377,2025-02-07 02:00:00,97645.41,97078.84,97420.36,1550.9,151091518.45,97586.84,direct,
46378,2025-02-07 03:00:00,97780.97,97261.5,97586.84,873.06,85116228.25,97469.79,direct,
46379,2025-02-07 04:00:00,97893.36,97407.17,97469.79,531.48,51906091.32,97452.8,direct,
46380,2025-02-07 05:00:00,97555.71,97162.46,97452.8,259.47,25258755.1,97369.11,direct,
46381,2025-02-07 06:00:00,97377.67,96615.61,97369.11,688.95,66769911.74,96780.41,direct,
46382,2025-02-07 07:00:00,97236.58,96666.85,96780.41,473.6,45916880.19,96762.49,direct,
46383,2025-02-07 08:00:00,97269.93,96632.77,96762.49,431.76,41867008.86,97049.19,direct,
46384,2025-02-07 09:00:00,97412.43,97049.17,97049.19,321.13,31242816.91,97315.38,direct,
46385,2025-02-07 10:00:00,97506.97,97274.53,97315.38,299.55,29170239.9,97296.97,direct,
46386,2025-02-07 11:00:00,97785.16,97296.48,97296.97,485.03,47367647.4,97778.94,direct,
46387,2025-02-07 12:00:00,98065.15,97543.52,97778.94,985.91,96458133.41,97992.23,direct,
46388,2025-02-07 13:00:00,98888.81,97217.33,97992.23,4258.41,417631031.48,98862.74,direct,
46389,2025-02-07 14:00:00,100202.29,98727.62,98862.74,6034.06,601431587.01,99790.03,direct,
46390,2025-02-07 15:00:00,99790.03,97661.31,99790.03,8223.21,810657577.82,98339.7,direct,
46391,2025-02-07 16:00:00,98618.82,97698.28,98339.7,4838.04,474452539.05,97872.1,direct,
46392,2025-02-07 17:00:00,98213.31,97191.69,97872.1,4025.01,393024318.11,97456.16,direct,
46393,2025-02-07 18:00:00,98394.11,97318.89,97456.16,2241.31,219511228.28,97766.13,direct,
46394,2025-02-07 19:00:00,97864.02,96903.55,97766.13,2112.26,205579053.99,96910.06,direct,
46395,2025-02-07 20:00:00,96949.05,95630.04,96910.06,5636.77,542088526.14,95769.2,direct,
46396,2025-02-07 21:00:00,96174.87,95705.55,95769.2,2344.16,224828598.33,96017.37,direct,
46397,2025-02-07 22:00:00,96120.03,95651.34,96017.37,1282.97,122916730.65,96080.83,direct,
46398,2025-02-07 23:00:00,96548.5,95892.56,96080.83,996.75,95896902.17,96532.73,direct,
46399,2025-02-08 00:00:00,96876.73,96375.88,96532.73,1119.75,108212930.88,96683.99,direct,
46400,2025-02-08 01:00:00,96809.73,96414.51,96683.99,729.02,70473190.34,96557.81,direct,
46401,2025-02-08 02:00:00,96836.06,96442.84,96557.81,656.93,63483380.11,96781.1,direct,
46402,2025-02-08 03:00:00,96906.35,96560.69,96781.1,496.12,47999014.96,96715.33,direct,
46403,2025-02-08 04:00:00,96716.43,96237.08,96715.33,357.87,34520578.36,96312.2,direct,
46404,2025-02-08 05:00:00,96373.52,96072.38,96312.2,294.19,28309494.32,96221.57,direct,
46405,2025-02-08 06:00:00,96228.18,95902.34,96221.57,257.18,24715331.98,96002.74,direct,
46406,2025-02-08 07:00:00,96311.66,95791.62,96002.74,280.78,26965743.84,96236.03,direct,
46407,2025-02-08 08:00:00,96300.78,95886.99,96236.03,209.41,20121411.56,95899.47,direct,
46408,2025-02-08 09:00:00,96193.6,95899.46,95899.47,159.66,15342302.5,96166.37,direct,
46409,2025-02-08 10:00:00,96289.06,96008.47,96166.37,231.96,22306820.07,96054.03,direct,
46410,2025-02-08 11:00:00,96127.06,95856.33,96054.03,184.82,17742233.93,96118.58,direct,
46411,2025-02-08 12:00:00,96257.77,95894.73,96118.58,550.43,52877587.41,96055.89,direct,
46412,2025-02-08 13:00:00,96486.74,96010.09,96055.89,662.11,63722715.44,96241.58,direct,
46413,2025-02-08 14:00:00,96369.35,95949.2,96241.58,664.37,63842640.83,96093.08,direct,
46414,2025-02-08 15:00:00,96201.0,95685.31,96093.08,698.45,66972281.94,95841.48,direct,
46415,2025-02-08 16:00:00,96128.95,95736.58,95841.48,663.38,63646705.25,96121.7,direct,
46416,2025-02-08 17:00:00,96391.31,96112.26,96121.7,736.21,70871953.13,96369.24,direct,
46417,2025-02-08 18:00:00,96534.22,96234.68,96369.24,655.68,63213130.7,96522.86,direct,
46418,2025-02-08 19:00:00,96767.0,96409.23,96522.86,641.72,61992914.58,96602.6,direct,
46419,2025-02-08 20:00:00,96648.38,96378.85,96602.6,627.27,60511113.23,96477.09,direct,
46420,2025-02-08 21:00:00,96624.5,96374.25,96477.09,606.99,58568749.44,96554.05,direct,
46421,2025-02-08 22:00:00,96718.88,96408.96,96554.05,509.78,49231394.94,96501.58,direct,
46422,2025-02-08 23:00:00,96719.16,96456.62,96501.58,535.27,51710454.15,96475.59,direct,
46423,2025-02-09 00:00:00,96620.63,96385.51,96475.59,599.12,57813915.31,96601.7,direct,
46424,2025-02-09 01:00:00,97013.37,96517.9,96601.7,853.36,82572178.92,97002.19,direct,
46425,2025-02-09 02:00:00,97060.96,96712.65,97002.19,590.59,57215034.24,96759.98,direct,
46426,2025-02-09 03:00:00,97331.6,96722.45,96759.98,834.8,81017665.72,97331.38,direct,
46427,2025-02-09 04:00:00,97340.86,96994.85,97331.38,316.11,30712588.17,97250.3,direct,
46428,2025-02-09 05:00:00,97257.54,97029.83,97250.3,121.07,11758563.62,97056.24,direct,
46429,2025-02-09 06:00:00,97090.58,96801.69,97056.24,230.96,22389350.74,97028.69,direct,
46430,2025-02-09 07:00:00,97147.53,96957.23,97028.69,99.96,9703627.65,97089.3,direct,
46431,2025-02-09 08:00:00,97309.03,97086.93,97089.3,151.11,14688455.33,97107.63,direct,
46432,2025-02-09 09:00:00,97119.26,96926.91,97107.63,155.21,15054090.17,96950.3,direct,
46433,2025-02-09 10:00:00,96953.11,96679.26,96950.3,269.81,26120579.81,96798.6,direct,
46434,2025-02-09 11:00:00,97042.5,96579.6,96798.6,286.75,27756818.86,96580.76,direct,
46435,2025-02-09 12:00:00,96730.54,96424.92,96580.76,584.09,56400774.81,96554.53,direct,
46436,2025-02-09 13:00:00,96568.45,95840.05,96554.53,1099.35,105740703.35,95899.94,direct,
46437,2025-02-09 14:00:00,96310.52,95737.9,95899.94,991.48,95252599.06,96143.41,direct,
46438,2025-02-09 15:00:00,96677.35,96136.01,96143.41,846.72,81650992.27,96512.09,direct,
46439,2025-02-09 16:00:00,96575.95,96346.63,96512.09,540.06,52097943.54,96481.15,direct,
46440,2025-02-09 17:00:00,96593.36,95953.61,96481.15,765.99,73701460.67,96194.38,direct,
46441,2025-02-09 18:00:00,96304.76,96013.36,96194.38,532.96,51236312.87,96232.84,direct,
46442,2025-02-09 19:00:00,96294.03,95912.88,96232.84,602.78,57909053.61,96087.36,direct,
46443,2025-02-09 20:00:00,96765.11,96072.92,96087.36,878.94,84742657.45,96336.14,direct,
46444,2025-02-09 21:00:00,96356.45,94752.27,96336.14,3482.41,332001161.48,95210.48,direct,
46445,2025-02-09 22:00:00,96464.09,94834.57,95210.48,2449.29,233857010.15,95857.34,direct,
46446,2025-02-09 23:00:00,96596.03,95748.69,95857.34,1355.58,130292809.28,96485.6,direct,
46447,2025-02-10 00:00:00,97148.24,96480.58,96485.6,1685.6,163277949.69,96749.73,direct,
46448,2025-02-10 01:00:00,96848.12,95276.7,96749.73,1946.58,186758153.02,95598.45,direct,
46449,2025-02-10 02:00:00,96094.39,95442.75,95598.45,1681.71,160954177.2,95813.56,direct,
46450,2025-02-10 03:00:00,97102.01,95786.41,95813.56,1875.19,181215768.95,96819.29,direct,
46451,2025-02-10 04:00:00,97179.6,96643.67,96819.29,573.37,55571990.61,96945.82,direct,
46452,2025-02-10 05:00:00,97663.01,96791.66,96945.82,806.38,78387060.41,97016.23,direct,
46453,2025-02-10 06:00:00,97229.39,96813.09,97016.23,624.32,60579585.47,97173.89,direct,
46454,2025-02-10 07:00:00,97498.11,97118.23,97173.89,470.29,45768064.81,97449.05,direct,
46455,2025-02-10 08:00:00,97909.11,97378.24,97449.05,868.19,84827185.79,97699.04,direct,
46456,2025-02-10 09:00:00,97893.53,97485.71,97699.04,411.75,40218625.06,97690.4,direct,
46457,2025-02-10 10:00:00,97983.32,97632.52,97690.4,618.68,60522953.29,97748.11,direct,
46458,2025-02-10 11:00:00,97927.07,97644.56,97748.11,359.08,35115754.49,97690.61,direct,
46459,2025-02-10 12:00:00,97814.97,97206.04,97690.61,809.44,78905602.39,97380.2,direct,
46460,2025-02-10 13:00:00,98363.35,97380.2,97380.2,1382.87,135284328.72,98240.86,direct,
46461,2025-02-10 14:00:00,98335.67,97114.22,98240.86,3080.76,300803922.68,97299.75,direct,
46462,2025-02-10 15:00:00,97598.18,96893.98,97299.75,1990.54,193550556.79,97256.16,direct,
46463,2025-02-10 16:00:00,97418.79,96890.57,97256.16,1615.59,156992953.69,97336.81,direct,
46464,2025-02-10 17:00:00,97549.96,96904.75,97336.81,1569.06,152578010.27,97526.12,direct,
46465,2025-02-10 18:00:00,97580.98,97210.8,97526.12,1387.11,135128570.42,97580.42,direct,
46466,2025-02-10 19:00:00,97660.55,97276.58,97580.42,1075.26,104857518.33,97398.45,direct,
46467,2025-02-10 20:00:00,97516.38,97253.93,97398.45,1638.35,159563517.36,97368.04,direct,
46468,2025-02-10 21:00:00,97410.27,97156.2,97368.04,620.72,60394869.21,97402.99,direct,
46469,2025-02-10 22:00:00,97504.53,97297.89,97402.99,420.58,40959394.75,97416.16,direct,
46470,2025-02-10 23:00:00,97481.38,97261.27,97416.16,607.99,59194138.16,97458.59,direct,
46471,2025-02-11 00:00:00,98158.69,97445.47,97458.59,1373.88,134396790.93,97806.63,direct,
46472,2025-02-11 01:00:00,98121.14,97805.66,97806.63,809.29,79313779.71,98018.41,direct,
46473,2025-02-11 02:00:00,98122.58,97489.6,98018.41,784.52,76706248.39,97795.73,direct,
46474,2025-02-11 03:00:00,97800.27,97511.91,97795.73,436.11,42570109.88,97641.01,direct,
46475,2025-02-11 04:00:00,98209.22,97582.86,97641.01,422.05,41326377.26,98089.05,direct,
46476,2025-02-11 05:00:00,98499.44,98033.52,98089.05,681.81,67002226.06,98439.5,direct,
46477,2025-02-11 06:00:00,98496.25,98158.43,98439.5,298.2,29321991.82,98443.57,direct,
46478,2025-02-11 07:00:00,98478.72,98281.86,98443.57,354.97,34932288.46,98286.23,direct,
46479,2025-02-11 08:00:00,98345.18,98128.7,98286.23,212.2,20844139.15,98240.26,direct,
46480,2025-02-11 09:00:00,98323.13,97947.38,98240.26,255.55,25074724.68,98024.65,direct,
46481,2025-02-11 10:00:00,98154.82,97913.18,98024.65,290.76,28501342.13,97977.04,direct,
46482,2025-02-11 11:00:00,98245.13,97908.31,97977.04,188.76,18512489.14,98163.55,direct,
46483,2025-02-11 12:00:00,98175.15,97688.0,98163.55,940.1,91994147.46,97793.09,direct,
46484,2025-02-11 13:00:00,97875.14,96708.74,97793.09,1754.85,170738806.73,96813.98,direct,
46485,2025-02-11 14:00:00,97329.16,96619.69,96813.98,2359.16,228742833.41,96974.52,direct,
46486,2025-02-11 15:00:00,97281.82,96655.05,96974.52,1734.13,168179328.27,97022.56,direct,
46487,2025-02-11 16:00:00,97053.8,96305.44,97022.56,2088.84,201811731.85,96359.68,direct,
46488,2025-02-11 17:00:00,96386.11,95954.6,96359.68,2014.5,193766805.97,96153.95,direct,
46489,2025-02-11 18:00:00,96154.52,95397.82,96153.95,2516.21,240937491.95,95454.31,direct,
46490,2025-02-11 19:00:00,95653.33,94852.37,95454.31,2976.25,283120212.9,95041.72,direct,
46491,2025-02-11 20:00:00,95428.61,94925.53,95041.72,2542.92,241984249.81,95284.25,direct,
46492,2025-02-11 21:00:00,96437.47,95251.5,95284.25,1811.16,173528328.21,96376.19,direct,
46493,2025-02-11 22:00:00,96498.89,95360.23,96376.19,1043.2,100142444.16,95563.07,direct,
46494,2025-02-11 23:00:00,95966.14,95503.28,95563.07,1113.18,106587346.13,95781.05,direct,
46495,2025-02-12 00:00:00,96112.06,95682.29,95781.05,930.82,89262965.62,96053.28,direct,
46496,2025-02-12 01:00:00,96248.56,95805.62,96053.28,752.38,72233715.28,96186.73,direct,
46497,2025-02-12 02:00:00,96205.59,95369.72,96186.73,978.55,93776036.42,95554.0,direct,
46498,2025-02-12 03:00:00,95741.61,95070.6,95554.0,1244.99,118845179.18,95274.13,direct,
46499,2025-02-12 04:00:00,95589.98,95236.49,95274.13,620.66,59227937.74,95535.34,direct,
46500,2025-02-12 05:00:00,95904.5,95488.99,95535.34,366.66,35108803.58,95876.48,direct,
46501,2025-02-12 06:00:00,95934.08,95674.05,95876.48,265.99,25491794.93,95816.41,direct,
46502,2025-02-12 07:00:00,96164.48,95794.34,95816.41,274.28,26330163.89,96062.33,direct,
46503,2025-02-12 08:00:00,96467.51,96046.27,96062.33,309.29,29768872.67,96359.17,direct,
46504,2025-02-12 09:00:00,96371.95,96040.0,96359.17,323.04,31073886.22,96133.88,direct,
46505,2025-02-12 10:00:00,96200.19,95913.84,96133.88,337.61,32445930.22,95978.41,direct,
46506,2025-02-12 11:00:00,96374.23,95978.4,95978.41,363.61,34983618.17,96103.96,direct,
46507,2025-02-12 12:00:00,96355.64,95949.3,96103.96,604.17,58111304.54,95986.2,direct,
46508,2025-02-12 13:00:00,96618.45,94087.33,95986.2,7420.98,705134973.72,94975.56,direct,
46509,2025-02-12 14:00:00,95697.91,94515.64,94975.56,4957.71,471660211.62,95651.52,direct,
46510,2025-02-12 15:00:00,95994.3,94742.19,95651.52,4092.33,390610932.89,95821.17,direct,
46511,2025-02-12 16:00:00,97116.62,95122.37,95821.17,2971.86,285341572.77,97006.56,direct,
46512,2025-02-12 17:00:00,97717.29,96790.23,97006.56,3510.08,341262509.16,97378.55,direct,
46513,2025-02-12 18:00:00,97464.38,96630.08,97378.55,1545.63,149839108.31,96930.31,direct,
46514,2025-02-12 19:00:00,97289.91,96359.86,96930.31,1201.69,116332163.06,97207.55,direct,
46515,2025-02-12 20:00:00,97658.45,96947.13,97207.55,2241.35,217985682.55,97037.98,direct,
46516,2025-02-12 21:00:00,97925.96,96868.03,97037.98,1413.12,137740645.23,97664.01,direct,
46517,2025-02-12 22:00:00,98127.45,97428.42,97664.01,1491.72,145966926.58,97818.57,direct,
46518,2025-02-12 23:00:00,98033.69,97107.8,97818.57,1900.2,185445473.34,97874.61,direct,
46519,2025-02-13 00:00:00,97874.69,97529.03,97874.61,636.2,62145653.26,97817.26,direct,
46520,2025-02-13 01:00:00,98104.11,97753.07,97817.26,896.54,87767567.64,97998.3,direct,
46521,2025-02-13 02:00:00,98000.63,97379.5,97998.3,547.77,53509961.75,97480.72,direct,
46522,2025-02-13 03:00:00,97635.64,97466.55,97480.72,378.75,36943913.42,97510.92,direct,
46523,2025-02-13 04:00:00,97566.53,96785.21,97510.92,414.31,40266816.79,96941.73,direct,
46524,2025-02-13 05:00:00,96944.3,96532.74,96941.73,508.81,49211422.7,96665.71,direct,
46525,2025-02-13 06:00:00,96750.73,95796.1,96665.71,1186.19,114168841.83,96045.6,direct,
46526,2025-02-13 07:00:00,96227.98,95902.8,96045.6,433.9,41679138.82,96069.65,direct,
46527,2025-02-13 08:00:00,96175.72,95720.01,96069.65,477.37,45817627.56,95954.21,direct,
46528,2025-02-13 09:00:00,96307.04,95795.99,95954.21,337.35,32434223.71,96266.25,direct,
46529,2025-02-13 10:00:00,96351.93,96130.34,96266.25,253.89,24433956.42,96170.02,direct,
46530,2025-02-13 11:00:00,96290.27,95606.33,96170.02,503.5,48316203.0,95946.39,direct,
46531,2025-02-13 12:00:00,96088.64,95727.62,95946.39,626.93,60129041.4,95841.64,direct,
46532,2025-02-13 13:00:00,96313.28,95684.89,95841.64,1861.09,178706836.47,96093.41,direct,
46533,2025-02-13 14:00:00,96115.57,95340.42,96093.41,2248.23,215396596.44,95871.4,direct,
46534,2025-02-13 15:00:00,96480.77,95551.85,95871.4,2145.05,205968021.87,95999.24,direct,
46535,2025-02-13 16:00:00,96015.68,95225.08,95999.24,1930.86,184510780.32,95351.84,direct,
46536,2025-02-13 17:00:00,96012.5,95307.13,95351.84,1162.79,111269929.12,95699.44,direct,
46537,2025-02-13 18:00:00,95999.52,95355.98,95699.44,1588.05,151922714.16,95984.65,direct,
46538,2025-02-13 19:00:00,96388.85,95587.93,95984.65,1298.23,124598548.55,95636.88,direct,
46539,2025-02-13 20:00:00,96309.93,95611.63,95636.88,1516.75,145753696.46,96292.24,direct,
46540,2025-02-13 21:00:00,96781.78,96277.59,96292.24,1125.96,108687931.37,96497.29,direct,
46541,2025-02-13 22:00:00,96613.81,96281.38,96497.29,432.92,41762892.22,96424.63,direct,
46542,2025-02-13 23:00:00,96652.54,96334.92,96424.63,735.31,70942270.47,96632.78,direct,
46543,2025-02-14 00:00:00,96992.69,96560.12,96632.78,726.35,70259599.93,96770.36,direct,
46544,2025-02-14 01:00:00,96908.46,96393.94,96770.36,607.28,58695101.9,96556.32,direct,
46545,2025-02-14 02:00:00,96842.09,96465.78,96556.32,515.78,49881560.97,96564.56,direct,
46546,2025-02-14 03:00:00,97208.07,96561.21,96564.56,556.95,53947184.51,97159.91,direct,
46547,2025-02-14 04:00:00,97247.78,96777.51,97159.91,304.59,29531015.09,96781.88,direct,
46548,2025-02-14 05:00:00,96923.76,96585.85,96781.88,205.68,19904629.93,96701.4,direct,
46549,2025-02-14 06:00:00,96877.57,96641.2,96701.4,227.65,22031427.77,96847.76,direct,
46550,2025-02-14 07:00:00,97093.36,96834.28,96847.76,433.75,42080971.66,96968.46,direct,
46551,2025-02-14 08:00:00,97043.9,96814.1,96968.46,194.1,18813527.82,96901.92,direct,
46552,2025-02-14 09:00:00,97173.02,96868.86,96901.92,246.22,23897870.08,97123.65,direct,
46553,2025-02-14 10:00:00,97207.21,96994.65,97123.65,246.34,23917754.38,97042.58,direct,
46554,2025-02-14 11:00:00,97154.95,96811.92,97042.58,223.96,21716811.7,96899.28,direct,
46555,2025-02-14 12:00:00,96899.33,96530.81,96899.28,397.32,38422284.11,96663.21,direct,
46556,2025-02-14 13:00:00,96978.86,96473.08,96663.21,543.37,52563475.19,96812.12,direct,
46557,2025-02-14 14:00:00,97586.1,96583.53,96812.12,1504.3,146151494.71,97300.06,direct,
46558,2025-02-14 15:00:00,97415.69,96282.72,97300.06,1915.47,185290475.2,96943.53,direct,
46559,2025-02-14 16:00:00,97713.9,96515.22,96943.53,1212.21,117561778.41,97666.91,direct,
46560,2025-02-14 17:00:00,98869.28,97148.89,97666.91,3046.41,298713219.23,98569.88,direct,
46561,2025-02-14 18:00:00,98777.03,98222.54,98569.88,2414.28,237834089.06,98236.21,direct,
46562,2025-02-14 19:00:00,98475.08,97713.8,98236.21,1202.99,118068050.57,97986.26,direct,
46563,2025-02-14 20:00:00,98296.62,97046.41,97986.26,1546.93,151239309.14,97222.17,direct,
46564,2025-02-14 21:00:00,97526.92,96735.89,97222.17,1099.15,106763633.17,97498.01,direct,
46565,2025-02-14 22:00:00,97573.17,96960.55,97498.01,437.39,42564813.98,97153.77,direct,
46566,2025-02-14 23:00:00,97526.96,97031.95,97153.77,378.72,36854739.07,97508.71,direct,
46567,2025-02-15 00:00:00,97528.01,97245.24,97508.71,769.32,74943195.97,97478.24,direct,
46568,2025-02-15 01:00:00,97845.5,97457.36,97478.24,359.53,35117886.83,97811.55,direct,
46569,2025-02-15 02:00:00,97930.19,97641.85,97811.55,354.72,34698963.88,97851.96,direct,
46570,2025-02-15 03:00:00,97979.54,97663.66,97851.96,170.23,16648878.66,97684.97,direct,
46571,2025-02-15 04:00:00,97801.15,97510.27,97684.97,140.25,13695709.26,97544.19,direct,
46572,2025-02-15 05:00:00,97652.99,97475.11,97544.19,75.43,7360451.41,97620.15,direct,
46573,2025-02-15 06:00:00,97681.04,97455.36,97620.15,102.29,9980202.0,97502.76,direct,
46574,2025-02-15 07:00:00,97538.99,97371.37,97502.76,75.98,7402607.48,97375.97,direct,
46575,2025-02-15 08:00:00,97563.04,97329.9,97375.97,102.98,10037586.05,97526.77,direct,
46576,2025-02-15 09:00:00,97614.63,97455.46,97526.77,85.11,8302677.18,97566.82,direct,
46577,2025-02-15 10:00:00,97749.57,97466.66,97566.82,123.86,12090636.21,97673.98,direct,
46578,2025-02-15 11:00:00,97693.84,97495.94,97673.98,161.32,15743913.92,97627.94,direct,
46579,2025-02-15 12:00:00,97839.39,97550.61,97627.94,305.14,29808963.17,97765.69,direct,
46580,2025-02-15 13:00:00,97944.8,97685.17,97765.69,352.77,34492651.77,97733.75,direct,
46581,2025-02-15 14:00:00,97776.35,97444.33,97733.75,460.42,44951310.91,97615.43,direct,
46582,2025-02-15 15:00:00,97721.14,97563.7,97615.43,214.12,20909279.81,97641.04,direct,
46583,2025-02-15 16:00:00,97718.79,97481.74,97641.04,236.2,23052868.74,97545.28,direct,
46584,2025-02-15 17:00:00,97588.48,97336.51,97545.28,257.23,25066667.07,97420.46,direct,
46585,2025-02-15 18:00:00,97597.72,97383.13,97420.46,255.89,24944117.39,97557.66,direct,
46586,2025-02-15 19:00:00,97666.52,97529.56,97557.66,139.22,13588354.22,97547.46,direct,
46587,2025-02-15 20:00:00,97656.39,97428.93,97547.46,181.39,17692193.77,97540.55,direct,
46588,2025-02-15 21:00:00,97704.99,97537.53,97540.55,208.98,20403229.25,97694.96,direct,
46589,2025-02-15 22:00:00,97752.58,97455.08,97694.96,182.19,17774910.84,97541.26,direct,
46590,2025-02-15 23:00:00,97655.21,97446.5,97541.26,516.91,50413336.27,97596.21,direct,
46591,2025-02-16 00:00:00,97728.27,97583.41,97596.21,225.85,22057470.51,97609.76,direct,
46592,2025-02-16 01:00:00,97680.45,97556.74,97609.76,149.44,14586805.7,97663.05,direct,
46593,2025-02-16 02:00:00,97672.43,97494.66,97663.05,356.08,34752495.47,97539.79,direct,
46594,2025-02-16 03:00:00,97559.34,97447.15,97539.79,340.6,33207702.36,97553.06,direct,
46595,2025-02-16 04:00:00,97595.86,97483.6,97553.06,145.61,14201171.94,97534.12,direct,
46596,2025-02-16 05:00:00,97677.91,97486.04,97534.12,104.54,10197896.84,97613.4,direct,
46597,2025-02-16 06:00:00,97627.19,97463.65,97613.4,91.17,8893928.79,97497.21,direct,
46598,2025-02-16 07:00:00,97497.23,97222.69,97497.21,103.2,10048001.31,97255.28,direct,
46599,2025-02-16 08:00:00,97340.6,97145.15,97255.28,97.46,9477017.57,97173.63,direct,
46600,2025-02-16 09:00:00,97371.67,97080.59,97173.63,134.35,13058306.06,97368.21,direct,
46601,2025-02-16 10:00:00,97395.54,97196.44,97368.21,92.23,8972292.04,97201.22,direct,
46602,2025-02-16 11:00:00,97343.71,97180.9,97201.22,62.56,6083644.78,97336.38,direct,
46603,2025-02-16 12:00:00,97346.07,97112.61,97336.38,124.1,12063970.8,97139.46,direct,
46604,2025-02-16 13:00:00,97223.47,96805.22,97139.46,399.02,38707445.14,96850.84,direct,
46605,2025-02-16 14:00:00,97042.1,96681.62,96850.84,559.08,54141016.87,96983.16,direct,
46606,2025-02-16 15:00:00,97103.97,96926.53,96983.16,227.44,22065095.03,96927.94,direct,
46607,2025-02-16 16:00:00,97132.3,96895.28,96927.94,153.91,14932251.39,97064.39,direct,
46608,2025-02-16 17:00:00,97179.71,96943.99,97064.39,230.83,22400304.54,96987.26,direct,
46609,2025-02-16 18:00:00,97006.11,96671.84,96987.26,420.89,40765951.88,96899.93,direct,
46610,2025-02-16 19:00:00,97126.8,96785.16,96899.93,238.8,23152680.12,97077.38,direct,
46611,2025-02-16 20:00:00,97172.02,96889.63,97077.38,176.86,17157474.31,96925.4,direct,
46612,2025-02-16 21:00:00,97283.09,96875.96,96925.4,290.33,28178711.99,97180.66,direct,
46613,2025-02-16 22:00:00,97199.57,96593.78,97180.66,289.02,28003795.27,96877.48,direct,
46614,2025-02-16 23:00:00,96898.37,96069.15,96877.48,1619.4,156040838.76,96132.69,direct,
46615,2025-02-17 00:00:00,96445.39,96056.02,96132.69,665.68,64102158.12,96322.53,direct,
46616,2025-02-17 01:00:00,96547.51,96092.2,96322.53,538.34,51853035.13,96521.93,direct,
46617,2025-02-17 02:00:00,96636.74,96182.46,96521.93,337.51,32538107.85,96239.62,direct,
46618,2025-02-17 03:00:00,96290.71,96076.95,96239.62,329.18,31665193.91,96228.34,direct,
46619,2025-02-17 04:00:00,96264.05,96027.84,96228.34,204.52,19664809.01,96051.83,direct,
46620,2025-02-17 05:00:00,96337.8,95824.84,96051.83,484.52,46549957.45,96256.33,direct,
46621,2025-02-17 06:00:00,96462.78,96228.03,96256.33,187.42,18064969.9,96394.16,direct,
46622,2025-02-17 07:00:00,96476.87,95918.23,96394.16,257.62,24768001.73,96088.89,direct,
46623,2025-02-17 08:00:00,96301.83,95961.59,96088.89,220.96,21239780.6,96161.42,direct,
46624,2025-02-17 09:00:00,96331.75,96107.16,96161.42,153.42,14761189.1,96180.57,direct,
46625,2025-02-17 10:00:00,96411.52,96069.72,96180.57,232.83,22407125.29,96122.36,direct,
46626,2025-02-17 11:00:00,96310.59,96004.15,96122.36,290.78,27946861.08,96077.86,direct,
46627,2025-02-17 12:00:00,96519.15,96071.16,96077.86,448.34,43179213.16,96468.98,direct,
46628,2025-02-17 13:00:00,96495.62,96277.31,96468.98,350.46,33773896.14,96420.54,direct,
46629,2025-02-17 14:00:00,97046.2,96411.11,96420.54,1099.85,106413968.64,96815.47,direct,
46630,2025-02-17 15:00:00,96903.73,95586.63,96815.47,1554.41,149426864.68,95681.86,direct,
46631,2025-02-17 16:00:00,95954.26,95329.73,95681.86,1688.83,161420411.06,95352.73,direct,
46632,2025-02-17 17:00:00,95737.41,95288.65,95352.73,1106.06,105629430.24,95495.72,direct,
46633,2025-02-17 18:00:00,95785.11,95266.66,95495.72,1012.05,96602949.2,95345.0,direct,
46634,2025-02-17 19:00:00,95607.3,95226.61,95345.0,856.13,81664358.07,95547.29,direct,
46635,2025-02-17 20:00:00,96283.82,95512.31,95547.29,863.67,82839496.09,95991.55,direct,
46636,2025-02-17 21:00:00,96433.5,95939.87,95991.55,746.31,71759775.38,96420.75,direct,
46637,2025-02-17 22:00:00,96431.4,95870.56,96420.75,330.13,31730818.19,95900.64,direct,
46638,2025-02-17 23:00:00,96023.85,95719.22,95900.64,606.28,58126180.66,95790.31,direct,
46639,2025-02-18 00:00:00,96057.24,95558.92,95790.31,667.61,63919373.31,95634.19,direct,
46640,2025-02-18 01:00:00,96292.57,95619.69,95634.19,608.61,58442732.59,96270.12,direct,
46641,2025-02-18 02:00:00,96316.92,96025.04,96270.12,337.25,32435088.89,96067.86,direct,
46642,2025-02-18 03:00:00,96291.61,96007.34,96067.86,345.93,33282506.12,96202.33,direct,
46643,2025-02-18 04:00:00,96299.58,95966.44,96202.33,204.43,19663771.85,96069.29,direct,
46644,2025-02-18 05:00:00,96103.26,95562.26,96069.29,356.19,34125645.71,95607.97,direct,
46645,2025-02-18 06:00:00,95644.1,95265.05,95607.97,680.46,64942234.85,95368.92,direct,
46646,2025-02-18 07:00:00,95696.77,95301.34,95368.92,374.96,35805174.46,95452.9,direct,
46647,2025-02-18 08:00:00,95567.81,95104.15,95452.9,531.88,50697699.4,95233.46,direct,
46648,2025-02-18 09:00:00,95774.48,95154.15,95233.46,356.31,34043640.14,95766.58,direct,
46649,2025-02-18 10:00:00,95866.09,95628.44,95766.58,199.63,19117996.45,95736.4,direct,
46650,2025-02-18 11:00:00,95768.61,95555.08,95736.4,201.17,19245126.76,95625.77,direct,
46651,2025-02-18 12:00:00,96263.59,95597.06,95625.77,586.12,56271799.37,96183.56,direct,
46652,2025-02-18 13:00:00,96448.89,96108.84,96183.56,647.3,62318204.4,96223.34,direct,
46653,2025-02-18 14:00:00,96736.69,95408.57,96223.34,2311.56,222013515.85,95511.9,direct,
46654,2025-02-18 15:00:00,95702.7,95185.18,95511.9,1967.78,187850057.83,95534.35,direct,
46655,2025-02-18 16:00:00,95620.8,94591.07,95534.35,2239.13,212740414.69,94616.71,direct,
46656,2025-02-18 17:00:00,94854.38,94080.07,94616.71,2420.51,228551483.33,94080.07,direct,
46657,2025-02-18 18:00:00,94306.67,93566.32,94080.07,3337.1,313388710.26,93901.11,direct,
46658,2025-02-18 19:00:00,94363.48,93361.47,93901.11,2264.1,212230451.57,94061.81,direct,
46659,2025-02-18 20:00:00,94432.09,93706.64,94061.81,1972.7,185558250.6,94175.61,direct,
46660,2025-02-18 21:00:00,95300.53,94098.69,94175.61,2496.62,236889367.43,95016.67,direct,
46661,2025-02-18 22:00:00,95476.49,94844.9,95016.67,544.1,51796770.37,95270.75,direct,
46662,2025-02-18 23:00:00,95637.71,95230.34,95270.75,708.08,67572509.71,95630.67,direct,
46663,2025-02-19 00:00:00,95796.45,95259.96,95630.67,814.14,77777637.93,95305.14,direct,
46664,2025-02-19 01:00:00,95440.34,95032.61,95305.14,663.57,63155011.74,95438.43,direct,
46665,2025-02-19 02:00:00,95927.52,95424.6,95438.43,549.6,52558831.13,95802.13,direct,
46666,2025-02-19 03:00:00,95810.74,95550.94,95802.13,376.53,36038874.26,95692.53,direct,
46667,2025-02-19 04:00:00,95748.76,95221.8,95692.53,412.76,39423682.73,95221.8,direct,
46668,2025-02-19 05:00:00,95323.57,95034.97,95221.8,345.0,32843953.1,95268.73,direct,
46669,2025-02-19 06:00:00,95648.08,95228.05,95268.73,293.83,28036648.86,95603.34,direct,
46670,2025-02-19 07:00:00,95833.28,95580.66,95603.34,311.89,29850936.97,95679.44,direct,
46671,2025-02-19 08:00:00,95852.82,95619.83,95679.44,255.29,24445698.43,95628.53,direct,
46672,2025-02-19 09:00:00,96003.1,95620.37,95628.53,334.28,32031239.25,95929.17,direct,
46673,2025-02-19 10:00:00,96455.69,95928.78,95929.17,767.45,73896754.88,96320.79,direct,
46674,2025-02-19 11:00:00,96420.62,96218.02,96320.79,280.09,26974302.74,96415.42,direct,
46675,2025-02-19 12:00:00,96493.12,96163.39,96415.42,479.33,46184022.85,96167.24,direct,
46676,2025-02-19 13:00:00,96489.26,96167.21,96167.24,540.93,52103618.56,96294.05,direct,
46677,2025-02-19 14:00:00,96710.14,95688.47,96294.05,1571.67,151241008.92,95760.81,direct,
46678,2025-02-19 15:00:00,96393.44,95528.88,95760.81,1517.85,145686712.3,95933.74,direct,
46679,2025-02-19 16:00:00,96370.4,95932.97,95933.74,815.14,78401377.93,96304.9,direct,
46680,2025-02-19 17:00:00,96489.42,96131.1,96304.9,783.22,75447720.51,96398.92,direct,
46681,2025-02-19 18:00:00,96418.42,95629.45,96398.92,1187.85,113956018.37,95666.04,direct,
46682,2025-02-19 19:00:00,96223.81,95416.06,95666.04,1399.63,134219336.57,96199.11,direct,
46683,2025-02-19 20:00:00,96478.98,96099.84,96199.11,1778.1,171289636.71,96172.32,direct,
46684,2025-02-19 21:00:00,96471.69,96058.69,96172.32,511.01,49207388.04,96318.08,direct,
46685,2025-02-19 22:00:00,96604.16,96311.55,96318.08,371.08,35795866.22,96538.51,direct,
46686,2025-02-19 23:00:00,96885.35,96532.21,96538.51,688.28,66558413.48,96640.99,direct,
46687,2025-02-20 00:00:00,96861.61,96430.11,96640.99,520.13,50247131.85,96860.57,direct,
46688,2025-02-20 01:00:00,97001.47,96652.02,96860.57,544.79,52722381.6,96777.78,direct,
46689,2025-02-20 02:00:00,97284.7,96763.82,96777.78,771.26,74786679.71,97150.6,direct,
46690,2025-02-20 03:00:00,97373.22,96993.88,97150.6,590.18,57339952.41,97079.04,direct,
46691,2025-02-20 04:00:00,97355.44,97063.49,97079.04,466.5,45346863.91,97231.44,direct,
46692,2025-02-20 05:00:00,97233.88,96861.62,97231.44,663.34,64388790.19,96931.48,direct,
46693,2025-02-20 06:00:00,96999.7,96802.49,96931.48,393.88,38170786.16,96923.8,direct,
46694,2025-02-20 07:00:00,97107.36,96825.25,96923.8,397.5,38545062.19,96889.89,direct,
46695,2025-02-20 08:00:00,97220.99,96815.12,96889.89,328.4,31849565.06,97176.42,direct,
46696,2025-02-20 09:00:00,97287.13,97165.35,97176.42,374.46,36408130.44,97206.59,direct,
46697,2025-02-20 10:00:00,97385.09,97112.44,97206.59,473.39,46035672.37,97385.09,direct,
46698,2025-02-20 11:00:00,97399.19,97176.28,97385.09,352.43,34289050.66,97223.63,direct,
46699,2025-02-20 12:00:00,97559.54,97221.66,97223.63,569.12,55455268.7,97443.8,direct,
46700,2025-02-20 13:00:00,97584.26,97298.48,97443.8,675.29,65804638.04,97571.44,direct,
46701,2025-02-20 14:00:00,98076.07,96897.15,97571.44,2711.56,264782355.23,96987.58,direct,
46702,2025-02-20 15:00:00,97327.48,96826.66,96987.58,2013.62,195499573.92,96917.03,direct,
46703,2025-02-20 16:00:00,97988.72,96897.12,96917.03,1698.3,165664654.25,97562.5,direct,
46704,2025-02-20 17:00:00,98036.49,97551.2,97562.5,1271.7,124480448.44,97990.72,direct,
46705,2025-02-20 18:00:00,98469.97,97980.83,97990.72,1532.48,150595385.19,98334.6,direct,
46706,2025-02-20 19:00:00,98556.05,98271.9,98334.6,1136.23,111838524.98,98455.98,direct,
46707,2025-02-20 20:00:00,98763.14,98350.72,98455.98,1636.03,161279343.2,98508.19,direct,
46708,2025-02-20 21:00:00,98553.98,98048.2,98508.19,706.26,69411681.47,98128.46,direct,
46709,2025-02-20 22:00:00,98415.01,98107.22,98128.46,485.53,47696724.86,98166.16,direct,
46710,2025-02-20 23:00:00,98545.07,98150.17,98166.16,756.09,74385709.87,98345.66,direct,
46711,2025-02-21 00:00:00,98540.89,98119.71,98345.66,618.71,60840421.5,98268.93,direct,
46712,2025-02-21 01:00:00,98396.47,98143.65,98268.93,478.8,47042501.5,98352.66,direct,
46713,2025-02-21 02:00:00,98414.52,98141.57,98352.66,425.21,41801212.34,98150.21,direct,
46714,2025-02-21 03:00:00,98322.41,98123.31,98150.21,410.43,40306609.22,98176.22,direct,
46715,2025-02-21 04:00:00,98314.99,98156.81,98176.22,364.98,35862219.77,98238.01,direct,
46716,2025-02-21 05:00:00,98427.83,98200.33,98238.01,365.74,35964340.15,98372.67,direct,
46717,2025-02-21 06:00:00,98454.13,98333.37,98372.67,323.31,31818236.96,98428.57,direct,
46718,2025-02-21 07:00:00,98630.5,98210.76,98428.57,496.63,48864058.64,98217.98,direct,
46719,2025-02-21 08:00:00,98292.83,98159.49,98217.98,257.27,25274082.47,98247.0,direct,
46720,2025-02-21 09:00:00,98933.18,98143.64,98247.0,963.31,94967389.76,98379.03,direct,
46721,2025-02-21 10:00:00,98695.9,98273.5,98379.03,433.77,42725059.84,98643.76,direct,
46722,2025-02-21 11:00:00,98841.23,98514.83,98643.76,473.45,46725945.28,98663.52,direct,
46723,2025-02-21 12:00:00,98985.42,98564.03,98663.52,701.24,69286842.88,98936.77,direct,
46724,2025-02-21 13:00:00,99519.21,98833.36,98936.77,2278.37,226232422.34,99384.32,direct,
46725,2025-02-21 14:00:00,99411.0,98385.22,99384.32,2669.47,263955555.97,98814.96,direct,
46726,2025-02-21 15:00:00,99359.94,97185.46,98814.96,5568.96,546254359.6,98127.48,direct,
46727,2025-02-21 16:00:00,98769.99,97767.77,98127.48,3298.12,324306037.45,98231.98,direct,
46728,2025-02-21 17:00:00,98454.41,96825.66,98231.98,3112.03,303222461.06,96967.51,direct,
46729,2025-02-21 18:00:00,97231.34,96507.87,96967.51,3133.36,303592786.82,96523.45,direct,
46730,2025-02-21 19:00:00,96810.52,95188.7,96523.45,4284.57,410667541.36,95241.65,direct,
46731,2025-02-21 20:00:00,95615.66,94775.25,95241.65,4804.02,457299619.26,94957.56,direct,
46732,2025-02-21 21:00:00,95396.37,94919.79,94957.56,2385.98,227007088.68,95313.23,direct,
46733,2025-02-21 22:00:00,95859.62,95175.1,95313.23,1284.14,122704552.75,95788.64,direct,
46734,2025-02-21 23:00:00,96196.83,95615.6,95788.64,1273.0,122183772.11,96150.27,direct,
46735,2025-02-22 00:00:00,96206.28,95771.79,96150.27,1403.01,134713305.06,96185.35,direct,
46736,2025-02-22 01:00:00,96457.56,96120.0,96185.35,754.65,72657080.03,96233.79,direct,
46737,2025-02-22 02:00:00,96461.2,96111.39,96233.79,535.06,51519651.02,96347.48,direct,
46738,2025-02-22 03:00:00,96377.22,96171.14,96347.48,400.58,38567968.59,96303.34,direct,
46739,2025-02-22 04:00:00,96486.12,96287.99,96303.34,378.62,36498975.83,96406.69,direct,
46740,2025-02-22 05:00:00,96531.17,96323.99,96406.69,309.98,29902057.44,96513.94,direct,
46741,2025-02-22 06:00:00,96574.64,96338.8,96513.94,329.85,31816148.37,96400.5,direct,
46742,2025-02-22 07:00:00,96518.27,96295.17,96400.5,323.27,31175628.91,96296.24,direct,
46743,2025-02-22 08:00:00,96345.56,96138.94,96296.24,406.17,39091757.01,96201.37,direct,
46744,2025-02-22 09:00:00,96511.2,96151.64,96201.37,396.93,38255913.34,96485.52,direct,
46745,2025-02-22 10:00:00,96573.85,96424.52,96485.52,404.47,39033236.63,96486.43,direct,
46746,2025-02-22 11:00:00,96619.29,96481.78,96486.43,290.56,28053949.36,96576.77,direct,
46747,2025-02-22 12:00:00,96973.86,96563.74,96576.77,612.31,59243651.86,96823.86,direct,
46748,2025-02-22 13:00:00,96893.27,96524.91,96823.86,571.6,55299529.32,96552.43,direct,
46749,2025-02-22 14:00:00,96710.96,96533.11,96552.43,451.54,43627098.1,96537.7,direct,
46750,2025-02-22 15:00:00,96713.71,96497.12,96537.7,507.04,48981915.21,96605.51,direct,
46751,2025-02-22 16:00:00,96811.12,96463.63,96605.51,699.82,67667501.19,96514.97,direct,
46752,2025-02-22 17:00:00,96689.06,96483.43,96514.97,474.33,45822914.39,96632.75,direct,
46753,2025-02-22 18:00:00,96821.36,96414.72,96632.75,510.11,49306690.27,96455.54,direct,
46754,2025-02-22 19:00:00,96673.44,96364.69,96455.54,388.58,37519306.68,96646.1,direct,
46755,2025-02-22 20:00:00,96662.45,96525.15,96646.1,401.6,38792214.79,96585.21,direct,
46756,2025-02-22 21:00:00,96701.87,96529.96,96585.21,373.86,36112854.73,96689.0,direct,
46757,2025-02-22 22:00:00,96733.41,96607.56,96689.0,355.59,34375131.7,96655.03,direct,
46758,2025-02-22 23:00:00,96692.83,96513.48,96655.03,394.23,38086226.36,96580.46,direct,
46759,2025-02-23 00:00:00,96674.04,96509.2,96580.46,411.49,39740521.73,96670.45,direct,
46760,2025-02-23 01:00:00,96670.52,96392.08,96670.45,375.12,36207797.65,96475.81,direct,
46761,2025-02-23 02:00:00,96532.55,96415.26,96475.81,333.37,32160476.82,96436.57,direct,
46762,2025-02-23 03:00:00,96595.85,96416.61,96436.57,379.04,36585586.66,96447.28,direct,
46763,2025-02-23 04:00:00,96547.19,96407.97,96447.28,354.21,34168858.62,96410.37,direct,
46764,2025-02-23 05:00:00,96438.05,96221.86,96410.37,413.37,39820987.67,96222.87,direct,
46765,2025-02-23 06:00:00,96378.86,96163.23,96222.87,364.57,35104924.25,96368.27,direct,
46766,2025-02-23 07:00:00,96599.03,96321.96,96368.27,369.41,35637810.48,96540.06,direct,
46767,2025-02-23 08:00:00,96540.06,96323.78,96540.06,89.2,8599219.81,96385.31,direct,
46768,2025-02-23 09:00:00,96490.32,96275.28,96385.31,103.0,9925951.65,96305.96,direct,
46769,2025-02-23 10:00:00,96317.48,96085.72,96305.96,212.93,20482793.16,96187.79,direct,
46770,2025-02-23 11:00:00,96512.88,95640.67,96211.86,7455.43,716556206.2,96111.99,invert_divide,ETH
46771,2025-02-23 12:00:00,96161.93,95676.68,96121.24,306.69,29404136.45,95741.47,direct,
46772,2025-02-23 13:00:00,95978.65,95734.56,95741.47,310.58,29774837.25,95974.78,direct,
46773,2025-02-23 14:00:00,96040.52,95556.46,95974.78,339.09,32496019.51,95600.42,direct,
46774,2025-02-23 15:00:00,95738.45,95437.53,95600.42,370.92,35458863.23,95456.7,direct,
46775,2025-02-23 16:00:00,95633.98,95429.47,95456.7,296.98,28373113.77,95440.06,direct,
46776,2025-02-23 17:00:00,95762.94,95255.75,95440.06,547.22,52222814.18,95668.27,direct,
46777,2025-02-23 18:00:00,95886.87,95634.3,95668.27,276.58,26491281.57,95754.9,direct,
46778,2025-02-23 19:00:00,95866.15,95727.79,95754.9,149.92,14361920.34,95774.19,direct,
46779,2025-02-23 20:00:00,95830.7,95691.19,95774.19,106.51,10199866.8,95795.32,direct,
46780,2025-02-23 21:00:00,95796.87,95657.5,95795.32,161.43,15454512.2,95775.81,direct,
46781,2025-02-23 22:00:00,95951.53,95541.79,95775.81,213.03,20391269.71,95808.12,direct,
46782,2025-02-23 23:00:00,96332.22,95788.98,95808.12,919.31,88313478.96,96274.12,direct,
46783,2025-02-24 00:00:00,96514.26,96172.51,96274.12,600.15,57841853.56,96263.74,direct,
46784,2025-02-24 01:00:00,96356.56,95787.57,96263.74,579.25,55640854.2,95992.13,direct,
46785,2025-02-24 02:00:00,96201.0,95769.47,95992.13,509.1,48866212.09,95833.4,direct,
46786,2025-02-24 03:00:00,95834.36,95342.25,95833.4,691.5,66124813.02,95445.71,direct,
46787,2025-02-24 04:00:00,95592.42,95086.6,95445.71,810.28,77259742.63,95303.95,direct,
46788,2025-02-24 05:00:00,95772.94,95254.58,95303.95,296.79,28355134.65,95741.2,direct,
46789,2025-02-24 06:00:00,95909.63,95640.09,95741.2,284.15,27217310.16,95878.88,direct,
46790,2025-02-24 07:00:00,95973.42,95728.23,95878.88,290.04,27804416.72,95897.15,direct,
46791,2025-02-24 08:00:00,95944.67,95402.59,95897.15,417.21,39887663.36,95532.03,direct,
46792,2025-02-24 09:00:00,96179.76,95526.97,95532.03,386.14,37019057.05,95799.98,direct,
46793,2025-02-24 10:00:00,95948.51,95391.73,95799.98,325.37,31114503.94,95654.75,direct,
46794,2025-02-24 11:00:00,95879.41,95434.16,95654.75,280.62,26839773.52,95848.21,direct,
46795,2025-02-24 12:00:00,95968.07,95714.01,95848.21,331.34,31753280.05,95808.77,direct,
46796,2025-02-24 13:00:00,96097.99,95366.18,95808.77,1002.69,95997534.8,95599.08,direct,
46797,2025-02-24 14:00:00,95805.11,94572.54,95599.08,2397.25,228220927.49,94674.98,direct,
46798,2025-02-24 15:00:00,94954.12,93823.66,94674.98,3929.36,370738272.76,94315.82,direct,
46799,2025-02-24 16:00:00,94981.77,94150.68,94315.82,1837.08,173725322.7,94407.81,direct,
46800,2025-02-24 17:00:00,95200.01,94311.65,94407.81,1664.57,157852359.61,94654.18,direct,
46801,2025-02-24 18:00:00,94854.98,94137.58,94654.18,1098.52,103819571.5,94174.66,direct,
46802,2025-02-24 19:00:00,94559.17,93678.49,94174.66,1858.92,174949296.51,93943.22,direct,
46803,2025-02-24 20:00:00,94554.14,93791.93,93943.22,3685.7,347398708.9,93990.9,direct,
46804,2025-02-24 21:00:00,94318.11,93594.29,93990.9,1429.19,134317751.56,93963.74,direct,
46805,2025-02-24 22:00:00,93978.94,92394.75,93963.74,2977.77,277480728.67,92444.5,direct,
46806,2025-02-24 23:00:00,92862.67,91349.77,92444.5,3533.16,325197493.57,91536.97,direct,
46807,2025-02-25 00:00:00,92161.83,90933.98,91536.97,3607.27,330586004.04,91855.99,direct,
46808,2025-02-25 01:00:00,92415.72,91183.04,91855.99,2562.61,235473970.78,92035.76,direct,
46809,2025-02-25 02:00:00,92507.71,91601.98,92035.76,1590.75,146447355.41,92375.02,direct,
46810,2025-02-25 03:00:00,92540.35,91954.38,92375.02,1006.53,92827903.1,92172.97,direct,
46811,2025-02-25 04:00:00,92326.56,91850.73,92172.97,784.84,72265702.77,91926.66,direct,
46812,2025-02-25 05:00:00,92109.9,91732.99,91926.66,529.92,48734434.42,92061.38,direct,
46813,2025-02-25 06:00:00,92123.67,91224.04,92061.38,719.85,65950087.62,91274.52,direct,
46814,2025-02-25 07:00:00,91422.32,88369.44,91274.52,7371.45,662178866.46,89353.43,direct,
46815,2025-02-25 08:00:00,90016.35,89045.25,89353.43,1633.96,146587603.81,89404.27,direct,
46816,2025-02-25 09:00:00,89595.55,88279.87,89404.27,1726.42,153504080.62,88293.88,direct,
46817,2025-02-25 10:00:00,88865.82,86860.62,88293.88,4054.38,356001967.29,88185.09,direct,
46818,2025-02-25 11:00:00,89332.92,87606.5,88185.09,1773.89,156790306.04,89234.37,direct,
46819,2025-02-25 12:00:00,89528.12,88920.09,89234.37,2122.56,189269573.2,89401.0,direct,
46820,2025-02-25 13:00:00,89519.88,88745.51,89401.0,1592.77,141911091.11,88819.05,direct,
46821,2025-02-25 14:00:00,89339.4,87023.43,88819.05,4803.84,423472239.06,87109.61,direct,
46822,2025-02-25 15:00:00,87679.71,85944.14,87109.61,8152.95,707386819.0,87147.51,direct,
46823,2025-02-25 16:00:00,87690.57,86103.61,87147.51,5674.09,492712257.91,87391.22,direct,
46824,2025-02-25 17:00:00,87730.97,86759.79,87391.22,4661.58,406678215.99,87162.52,direct,
46825,2025-02-25 18:00:00,87692.37,86830.96,87162.52,3484.56,303725237.5,86984.23,direct,
46826,2025-02-25 19:00:00,87967.94,86419.23,86984.23,3916.95,341040859.86,87845.94,direct,
46827,2025-02-25 20:00:00,88954.88,87538.11,87845.94,7005.18,618010398.66,88093.38,direct,
46828,2025-02-25 21:00:00,88733.88,87689.09,88093.38,1708.98,150739576.16,88723.16,direct,
46829,2025-02-25 22:00:00,89394.9,88456.39,88723.16,1610.39,143148445.73,88761.23,direct,
46830,2025-02-25 23:00:00,89078.22,88607.0,88761.23,990.02,87971682.31,88609.26,direct,
46831,2025-02-26 00:00:00,88617.98,88065.4,88609.26,1019.96,90046011.45,88069.4,direct,
46832,2025-02-26 01:00:00,88745.05,88066.92,88069.4,905.16,79945251.93,88610.79,direct,
46833,2025-02-26 02:00:00,89105.47,88344.45,88610.79,937.45,83144665.98,88920.93,direct,
46834,2025-02-26 03:00:00,89320.19,88816.15,88920.93,976.93,87011009.96,88816.39,direct,
46835,2025-02-26 04:00:00,89152.3,88610.32,88816.39,526.08,46765157.31,88622.07,direct,
46836,2025-02-26 05:00:00,88800.54,88336.84,88622.07,464.82,41206872.25,88348.7,direct,
46837,2025-02-26 06:00:00,88853.44,88348.04,88348.7,372.29,33002919.08,88844.79,direct,
46838,2025-02-26 07:00:00,89097.97,88375.34,88844.79,675.76,59965983.66,88655.23,direct,
46839,2025-02-26 08:00:00,88723.14,88082.81,88655.23,614.96,54332608.4,88432.79,direct,
46840,2025-02-26 09:00:00,89231.96,88402.34,88432.79,638.81,56779207.97,89065.31,direct,
46841,2025-02-26 10:00:00,89251.02,88826.71,89065.31,371.2,33053342.04,89200.97,direct,
46842,2025-02-26 11:00:00,89209.01,88525.71,89200.97,520.28,46220285.76,88560.5,direct,
46843,2025-02-26 12:00:00,88624.86,87551.59,88560.5,1557.03,137281659.54,87882.4,direct,
46844,2025-02-26 13:00:00,88017.6,86979.62,87882.4,2005.48,175645052.89,87105.93,direct,
46845,2025-02-26 14:00:00,87618.79,85397.67,87105.93,6540.77,565356697.16,87532.93,direct,
46846,2025-02-26 15:00:00,88443.93,87322.84,87532.93,3789.81,332813753.15,87462.81,direct,
46847,2025-02-26 16:00:00,87707.96,86196.02,87462.81,3352.34,291248595.73,86715.99,direct,
46848,2025-02-26 17:00:00,87203.05,85606.44,86715.99,2684.13,232285017.22,85964.6,direct,
46849,2025-02-26 18:00:00,86410.64,83478.28,85964.6,9906.15,839258637.25,84203.28,direct,
46850,2025-02-26 19:00:00,84984.54,83683.41,84203.28,4587.96,386564190.16,83786.06,direct,
46851,2025-02-26 20:00:00,84530.95,82199.13,83786.06,8105.55,676397650.18,84296.57,direct,
46852,2025-02-26 21:00:00,85044.07,83389.09,84296.57,4781.44,402497665.78,84506.33,direct,
46853,2025-02-26 22:00:00,85295.79,84071.86,84506.33,2109.94,178643986.29,84329.26,direct,
46854,2025-02-26 23:00:00,84676.56,83818.01,84329.26,1667.08,140271442.91,84128.38,direct,
46855,2025-02-27 00:00:00,84688.98,83956.75,84128.38,2049.4,172875960.78,84633.86,direct,
46856,2025-02-27 01:00:00,85334.47,84235.13,84633.86,1738.58,147444244.58,84667.95,direct,
46857,2025-02-27 02:00:00,85105.32,84163.84,84667.95,2102.56,177795627.34,84232.2,direct,
46858,2025-02-27 03:00:00,85266.88,84222.5,84232.2,1314.71,111396901.27,85158.27,direct,
46859,2025-02-27 04:00:00,85275.6,84625.72,85158.27,824.41,69999053.87,85085.6,direct,
46860,2025-02-27 05:00:00,85880.68,84995.07,85085.6,1031.79,88173570.55,85823.78,direct,
46861,2025-02-27 06:00:00,86654.23,85655.22,85823.78,1018.67,87708006.71,86206.07,direct,
46862,2025-02-27 07:00:00,86521.84,86047.18,86206.07,727.81,62816103.24,86226.69,direct,
46863,2025-02-27 08:00:00,86371.26,85850.01,86226.69,662.09,56983555.34,86014.42,direct,
46864,2025-02-27 09:00:00,86283.15,85816.23,86014.42,630.61,54289646.65,86108.53,direct,
46865,2025-02-27 10:00:00,87006.25,85997.28,86108.53,918.61,79439102.92,86960.52,direct,
46866,2025-02-27 11:00:00,87008.08,86353.51,86960.52,723.91,62738412.64,86642.61,direct,
46867,2025-02-27 12:00:00,86729.82,86207.11,86642.61,879.52,75996000.75,86264.93,direct,
46868,2025-02-27 13:00:00,86701.35,85727.63,86264.93,2508.99,216294715.62,86054.21,direct,
46869,2025-02-27 14:00:00,86346.34,84891.84,86054.21,4576.53,392275013.5,84914.08,direct,
46870,2025-02-27 15:00:00,86063.85,84592.11,84914.08,4648.7,396819791.33,85445.75,direct,
46871,2025-02-27 16:00:00,85622.84,84304.49,85445.75,3144.23,267338274.73,84400.38,direct,
46872,2025-02-27 17:00:00,84969.36,84287.08,84400.38,2379.56,201052179.18,84503.51,direct,
46873,2025-02-27 18:00:00,84892.19,84417.37,84503.51,2027.06,171562758.48,84525.88,direct,
46874,2025-02-27 19:00:00,84534.38,83505.42,84525.88,2940.91,246960830.39,84012.46,direct,
46875,2025-02-27 20:00:00,84054.57,82601.58,84012.46,5438.28,452287104.89,83401.55,direct,
46876,2025-02-27 21:00:00,84315.99,83118.74,83401.55,2209.32,185060880.4,84299.28,direct,
46877,2025-02-27 22:00:00,84648.0,83801.86,84299.28,702.66,59128665.56,84636.47,direct,
46878,2025-02-27 23:00:00,84858.26,84337.62,84636.47,1102.55,93244758.94,84657.34,direct,
46879,2025-02-28 00:00:00,84822.58,84159.05,84657.34,984.01,83145894.23,84200.67,direct,
46880,2025-02-28 01:00:00,84330.96,81131.57,84200.67,6654.6,548058518.51,81614.91,direct,
46881,2025-02-28 02:00:00,82815.88,79532.2,81614.91,9936.5,802611023.78,80759.62,direct,
46882,2025-02-28 03:00:00,81495.86,80192.01,80759.62,4598.99,371840552.37,80375.99,direct,
46883,2025-02-28 04:00:00,80893.94,79358.99,80375.99,4364.71,349455245.61,80329.34,direct,
46884,2025-02-28 05:00:00,80455.43,79069.76,80329.34,3015.57,240403517.61,79856.48,direct,
46885,2025-02-28 06:00:00,80349.84,78958.92,79856.48,2732.92,217278347.38,79270.3,direct,
46886,2025-02-28 07:00:00,80165.22,78784.7,79270.3,2294.24,182064982.28,79126.58,direct,
46887,2025-02-28 08:00:00,79350.91,78203.72,79126.58,2840.03,223601510.09,78912.99,direct,
46888,2025-02-28 09:00:00,80667.18,78838.15,78912.99,3492.06,279855366.53,80302.36,direct,
46889,2025-02-28 10:00:00,80427.06,79531.73,80302.36,1242.91,99264555.02,79983.25,direct,
46890,2025-02-28 11:00:00,80794.48,79947.11,79983.25,1205.54,96938330.53,80474.68,direct,
46891,2025-02-28 12:00:00,80783.16,80039.7,80474.68,2095.74,168395990.42,80746.58,direct,
46892,2025-02-28 13:00:00,81696.46,80572.27,80746.58,3993.33,324209706.66,81465.52,direct,
46893,2025-02-28 14:00:00,82517.77,81058.1,81465.52,5555.44,455125452.43,82082.43,direct,
46894,2025-02-28 15:00:00,84451.32,81973.18,82082.43,6507.21,543491197.02,84021.88,direct,
46895,2025-02-28 16:00:00,84929.18,83503.73,84021.88,3858.32,324609304.47,84366.85,direct,
46896,2025-02-28 17:00:00,84407.38,83575.31,84366.85,2677.68,224899547.57,83604.86,direct,
46897,2025-02-28 18:00:00,85114.25,83188.74,83604.86,3692.51,310709913.07,84451.63,direct,
46898,2025-02-28 19:00:00,84789.1,84200.49,84451.63,2056.29,173728373.55,84425.26,direct,
46899,2025-02-28 20:00:00,84786.15,83590.62,84425.26,3082.94,259071722.08,84166.32,direct,
46900,2025-02-28 21:00:00,84575.57,83983.28,84166.32,1414.15,119109975.67,84217.32,direct,
46901,2025-02-28 22:00:00,84426.11,83862.79,84217.32,697.33,58672377.99,84113.69,direct,
46902,2025-02-28 23:00:00,84511.74,83986.88,84113.69,546.17,45997870.27,84322.57,direct,
46903,2025-03-01 00:00:00,84588.47,83798.96,84322.57,628.38,52906420.69,83832.24,direct,
46904,2025-03-01 01:00:00,84815.82,83815.03,83832.24,1176.28,99175427.15,84621.85,direct,
46905,2025-03-01 02:00:00,85637.55,84328.7,84621.85,1701.42,144734683.8,85217.94,direct,
46906,2025-03-01 03:00:00,85476.18,84944.02,85217.94,870.27,74138616.96,85310.45,direct,
46907,2025-03-01 04:00:00,86537.62,85292.93,85310.45,1206.01,103751872.16,86173.31,direct,
46908,2025-03-01 05:00:00,86253.57,85568.91,86173.31,538.19,46235959.11,85575.51,direct,
46909,2025-03-01 06:00:00,85644.64,84853.53,85575.51,766.52,65290936.36,85045.67,direct,
46910,2025-03-01 07:00:00,85046.16,84712.68,85045.67,1463.75,124290249.12,84717.19,direct,
46911,2025-03-01 08:00:00,85312.73,84717.15,84717.19,418.38,35632113.11,85290.61,direct,
46912,2025-03-01 09:00:00,85490.36,85108.81,85290.61,397.13,33908203.7,85367.68,direct,
46913,2025-03-01 10:00:00,85417.74,84780.89,85367.68,546.53,46484166.95,84876.37,direct,
46914,2025-03-01 11:00:00,84941.43,84358.88,84876.37,609.05,51539187.32,84613.85,direct,
46915,2025-03-01 12:00:00,84913.66,84455.66,84613.85,450.53,38146905.28,84748.67,direct,
46916,2025-03-01 13:00:00,84914.1,84327.44,84748.67,643.78,54402034.19,84503.31,direct,
46917,2025-03-01 14:00:00,84830.04,84402.92,84503.31,612.63,51826835.35,84686.7,direct,
46918,2025-03-01 15:00:00,84870.87,84531.33,84686.7,702.5,59511563.89,84772.17,direct,
46919,2025-03-01 16:00:00,85250.63,84679.4,84772.17,905.53,76936109.3,85238.85,direct,
46920,2025-03-01 17:00:00,85342.54,84936.07,85238.85,760.01,64694956.23,85192.7,direct,
46921,2025-03-01 18:00:00,85311.01,85052.81,85192.7,614.33,52335336.62,85299.07,direct,
46922,2025-03-01 19:00:00,85539.72,85189.68,85299.07,860.37,73407541.33,85459.86,direct,
46923,2025-03-01 20:00:00,85570.55,85327.3,85459.86,461.71,39461563.46,85513.8,direct,
46924,2025-03-01 21:00:00,86137.54,85281.32,85513.8,700.01,59975567.33,86064.03,direct,
46925,2025-03-01 22:00:00,86252.92,85669.81,86064.03,896.85,77080448.77,86106.93,direct,
46926,2025-03-01 23:00:00,86180.3,85668.42,86106.93,599.86,51509066.99,86050.58,direct,
46927,2025-03-02 00:00:00,86296.44,85801.56,86050.58,752.57,64796295.96,86003.6,direct,
46928,2025-03-02 01:00:00,86338.18,85986.31,86003.6,543.23,46823803.78,86338.18,direct,
46929,2025-03-02 02:00:00,86480.03,85619.78,86338.18,802.33,68998925.32,85757.75,direct,
46930,2025-03-02 03:00:00,86188.11,85756.18,85757.75,413.15,35494844.79,85863.52,direct,
46931,2025-03-02 04:00:00,85866.06,85526.99,85863.52,320.27,27446385.61,85730.71,direct,
46932,2025-03-02 05:00:00,86021.22,85654.81,85730.71,221.54,19035787.64,85935.47,direct,
46933,2025-03-02 06:00:00,86538.26,85912.89,85935.47,432.55,37311941.98,86260.11,direct,
46934,2025-03-02 07:00:00,86332.47,86068.35,86260.11,224.3,19346969.06,86230.78,direct,
46935,2025-03-02 08:00:00,86245.23,85710.38,86230.78,435.53,37399051.44,85746.95,direct,
46936,2025-03-02 09:00:00,86103.96,85659.92,85746.95,260.58,22383793.14,85897.78,direct,
46937,2025-03-02 10:00:00,85991.9,85790.12,85897.78,246.96,21217839.49,85989.18,direct,
46938,2025-03-02 11:00:00,86211.8,85950.35,85989.18,268.89,23149396.18,86098.05,direct,
46939,2025-03-02 12:00:00,86100.6,85739.49,86098.05,325.2,27936227.22,85980.07,direct,
46940,2025-03-02 13:00:00,85983.89,85483.91,85980.07,586.12,50285354.31,85702.44,direct,
46941,2025-03-02 14:00:00,85892.38,85047.82,85702.44,1372.12,117060271.85,85104.24,direct,
46942,2025-03-02 15:00:00,88662.04,85067.08,85104.24,6871.29,600089078.0,87433.23,direct,
46943,2025-03-02 16:00:00,91954.91,87352.89,87433.23,12097.35,1088301762.32,91247.12,direct,
46944,2025-03-02 17:00:00,95106.04,90689.81,91247.12,8378.28,779141558.92,94130.91,direct,
46945,2025-03-02 18:00:00,94445.48,92346.14,94130.91,4417.8,412083783.1,92790.1,direct,
46946,2025-03-02 19:00:00,93566.85,92621.9,92790.1,1859.78,173254122.51,93530.41,direct,
46947,2025-03-02 20:00:00,94477.41,93526.55,93530.41,1899.24,178537577.21,94365.6,direct,
46948,2025-03-02 21:00:00,94447.18,93699.08,94365.6,1760.33,165519498.67,94294.98,direct,
46949,2025-03-02 22:00:00,94739.17,93933.32,94294.98,1109.88,104634896.33,94261.55,direct,
46950,2025-03-02 23:00:00,94846.49,93862.7,94261.55,2438.78,230392999.66,94275.76,direct,
46951,2025-03-03 00:00:00,94415.65,93285.93,94275.76,2005.49,188003293.61,93294.22,direct,
46952,2025-03-03 01:00:00,93390.7,92641.41,93294.22,1655.62,153932850.92,93060.88,direct,
46953,2025-03-03 02:00:00,93429.95,92421.74,93060.88,1567.08,145638045.09,93283.78,direct,
46954,2025-03-03 03:00:00,93405.36,92456.03,93283.78,1102.68,102285951.68,92687.54,direct,
46955,2025-03-03 04:00:00,92926.86,92570.42,92687.54,654.46,60691043.35,92840.41,direct,
46956,2025-03-03 05:00:00,93320.49,92817.19,92840.41,644.18,59971888.19,93305.57,direct,
46957,2025-03-03 06:00:00,93312.93,91318.99,93305.57,1290.63,118898787.28,91614.84,direct,
46958,2025-03-03 07:00:00,92534.98,91170.02,91614.84,1415.62,130050986.73,92347.11,direct,
46959,2025-03-03 08:00:00,92370.23,91131.16,92347.11,1084.64,99609220.36,91443.75,direct,
46960,2025-03-03 09:00:00,92019.94,91177.48,91443.75,1392.52,127660461.51,91818.14,direct,
46961,2025-03-03 10:00:00,92550.54,91529.31,91818.14,899.0,82749587.47,92526.89,direct,
46962,2025-03-03 11:00:00,92871.27,92409.14,92526.89,927.86,85935933.23,92713.38,direct,
46963,2025-03-03 12:00:00,93229.03,92654.5,92713.38,1523.68,141661557.68,92994.05,direct,
46964,2025-03-03 13:00:00,93663.56,92860.4,92994.05,1543.86,143975296.45,93571.95,direct,
46965,2025-03-03 14:00:00,93708.94,89157.47,93571.95,7951.87,727326506.13,89189.29,direct,
46966,2025-03-03 15:00:00,91252.06,89130.39,89189.29,7440.02,671583534.78,89969.6,direct,
46967,2025-03-03 16:00:00,90674.68,89608.59,89969.6,3148.35,283664891.83,90113.31,direct,
46968,2025-03-03 17:00:00,90941.48,89857.19,90113.31,2042.31,184463149.28,90246.8,direct,
46969,2025-03-03 18:00:00,90391.66,86722.25,90246.8,7783.13,685241943.02,87098.28,direct,
46970,2025-03-03 19:00:00,87667.35,85487.47,87098.28,6569.76,569350300.78,85528.04,direct,
46971,2025-03-03 20:00:00,86342.58,85120.01,85528.04,6762.52,579728519.43,85987.8,direct,
46972,2025-03-03 21:00:00,86506.27,85071.66,85987.8,2410.9,207395528.65,85314.94,direct,
46973,2025-03-03 22:00:00,86974.81,85249.33,85314.94,1378.18,118884101.98,86594.51,direct,
46974,2025-03-03 23:00:00,86744.22,85945.98,86594.51,2039.35,176031023.57,86158.95,direct,
46975,2025-03-04 00:00:00,86730.05,85831.78,86158.95,2403.07,207160046.01,85983.03,direct,
46976,2025-03-04 01:00:00,86131.28,82629.43,85983.03,6322.06,532046603.54,83316.0,direct,
46977,2025-03-04 02:00:00,84346.04,82429.42,83316.0,4822.19,401892171.06,83879.55,direct,
46978,2025-03-04 03:00:00,84393.17,83579.6,83879.55,2163.1,181709140.64,83939.99,direct,
46979,2025-03-04 04:00:00,83992.01,83286.97,83939.99,1478.51,123805108.7,83368.95,direct,
46980,2025-03-04 05:00:00,84518.67,83325.8,83368.95,1329.2,111644221.7,84225.19,direct,
46981,2025-03-04 06:00:00,84354.0,83555.9,84225.19,645.71,54210965.88,83823.17,direct,
46982,2025-03-04 07:00:00,83965.87,83101.97,83823.17,950.28,79340833.15,83142.07,direct,
46983,2025-03-04 08:00:00,83884.72,83000.38,83142.07,1109.14,92560856.97,83848.81,direct,
46984,2025-03-04 09:00:00,84137.54,83600.2,83848.81,849.84,71303144.85,83707.42,direct,
46985,2025-03-04 10:00:00,84009.07,83461.77,83707.42,745.83,62441276.48,83922.77,direct,
46986,2025-03-04 11:00:00,84319.57,83666.97,83922.77,683.65,57409507.54,83905.84,direct,
46987,2025-03-04 12:00:00,83934.63,83245.73,83905.84,1519.73,127074401.79,83739.6,direct,
46988,2025-03-04 13:00:00,83739.8,82284.36,83739.6,3126.05,259448834.22,82758.85,direct,
46989,2025-03-04 14:00:00,84892.52,82025.07,82758.85,7563.26,632558932.34,83139.73,direct,
46990,2025-03-04 15:00:00,83310.6,81449.43,83139.73,6337.12,522932838.16,82914.46,direct,
46991,2025-03-04 16:00:00,83753.0,81979.78,82914.46,3442.79,284834432.91,83518.97,direct,
46992,2025-03-04 17:00:00,85473.52,83370.11,83518.97,4407.89,372809904.88,85398.45,direct,
46993,2025-03-04 18:00:00,86911.43,85124.42,85398.45,3406.29,292399647.1,86758.67,direct,
46994,2025-03-04 19:00:00,88490.35,86531.04,86758.67,4285.1,376238615.53,88206.87,direct,
46995,2025-03-04 20:00:00,88832.01,86682.81,88206.87,4407.38,387440461.36,86814.78,direct,
46996,2025-03-04 21:00:00,88941.97,86579.72,86814.78,3425.41,300602087.53,87495.59,direct,
46997,2025-03-04 22:00:00,87939.52,87402.38,87495.59,720.06,63152055.42,87463.59,direct,
46998,2025-03-04 23:00:00,87727.93,87076.84,87463.59,873.55,76360218.95,87255.42,direct,
46999,2025-03-05 00:00:00,87259.03,86341.87,87255.42,1711.0,148495609.01,86777.09,direct,
47000,2025-03-05 01:00:00,87767.13,86582.4,86777.09,1589.58,138606109.36,87626.14,direct,
47001,2025-03-05 02:00:00,87869.22,87038.33,87626.14,1376.09,120303431.8,87457.62,direct,
47002,2025-03-05 03:00:00,87861.65,86763.5,87457.62,1059.37,92716389.98,86813.24,direct,
47003,2025-03-05 04:00:00,87378.3,86709.05,86813.24,730.01,63525471.38,86898.09,direct,
47004,2025-03-05 05:00:00,87232.82,86835.24,86898.09,241.1,20987930.11,87133.8,direct,
47005,2025-03-05 06:00:00,87552.5,86987.99,87133.8,289.47,25264326.73,87475.39,direct,
47006,2025-03-05 07:00:00,87700.12,87346.99,87475.39,382.22,33452723.83,87606.47,direct,
47007,2025-03-05 08:00:00,87910.97,87582.48,87606.47,405.47,35582046.02,87738.21,direct,
47008,2025-03-05 09:00:00,88811.09,87666.94,87738.21,798.63,70552743.29,88471.71,direct,
47009,2025-03-05 10:00:00,90647.93,88365.79,88471.71,1762.72,158114249.8,89929.24,direct,
47010,2025-03-05 11:00:00,90111.21,89565.92,89929.24,896.2,80533459.16,89817.09,direct,
47011,2025-03-05 12:00:00,90933.37,89810.57,89817.09,2031.35,183687290.71,90361.52,direct,
47012,2025-03-05 13:00:00,90596.83,89125.47,90361.52,2892.79,259681324.96,89473.93,direct,
47013,2025-03-05 14:00:00,89833.34,88162.51,89473.93,3908.52,348416873.06,88518.76,direct,
47014,2025-03-05 15:00:00,89549.81,87920.23,88518.76,4032.46,357470813.77,88338.73,direct,
47015,2025-03-05 16:00:00,89251.52,87579.44,88338.73,2945.63,259615156.7,88917.46,direct,
47016,2025-03-05 17:00:00,90465.84,88779.89,88917.46,2922.75,261820510.43,89683.32,direct,
47017,2025-03-05 18:00:00,89921.96,88852.26,89683.32,2346.11,209481969.72,89708.39,direct,
47018,2025-03-05 19:00:00,90125.19,89469.54,89708.39,1406.32,126306221.61,89742.24,direct,
47019,2025-03-05 20:00:00,90557.11,89670.24,89742.24,2547.88,229808227.47,90495.33,direct,
47020,2025-03-05 21:00:00,90674.47,89944.35,90495.33,1074.88,96985418.47,90375.12,direct,
47021,2025-03-05 22:00:00,90533.23,90023.14,90375.12,517.67,46723728.67,90449.0,direct,
47022,2025-03-05 23:00:00,91001.98,90310.21,90449.0,988.55,89590642.85,90610.8,direct,
47023,2025-03-06 00:00:00,90817.53,89984.91,90610.8,1227.54,110885491.41,90058.67,direct,
47024,2025-03-06 01:00:00,91882.69,90050.4,90058.67,1665.19,151585195.91,91056.52,direct,
47025,2025-03-06 02:00:00,92009.4,91013.68,91056.52,1890.86,173003296.09,91812.52,direct,
47026,2025-03-06 03:00:00,92010.78,91413.1,91812.52,1113.88,102110118.86,91607.03,direct,
47027,2025-03-06 04:00:00,92453.08,91532.32,91607.03,841.6,77439242.12,92277.09,direct,
47028,2025-03-06 05:00:00,92808.83,92135.5,92277.09,653.07,60392363.65,92749.63,direct,
47029,2025-03-06 06:00:00,92764.34,91787.81,92749.63,744.99,68653543.25,91917.43,direct,
47030,2025-03-06 07:00:00,91992.53,91258.29,91917.43,559.19,51222409.44,91336.45,direct,
47031,2025-03-06 08:00:00,91589.96,91138.12,91336.45,562.28,51388766.67,91181.34,direct,
47032,2025-03-06 09:00:00,91182.18,90614.48,91181.34,638.09,57972261.02,90747.94,direct,
47033,2025-03-06 10:00:00,91653.42,90612.04,90747.94,675.82,61648740.17,91292.36,direct,
47034,2025-03-06 11:00:00,91590.64,91003.36,91292.36,530.88,48477233.81,91354.07,direct,
47035,2025-03-06 12:00:00,91395.03,89829.68,91354.07,1619.75,146518850.76,90101.08,direct,
47036,2025-03-06 13:00:00,90457.21,89471.24,90101.08,1781.4,160487392.52,89550.72,direct,
47037,2025-03-06 14:00:00,90374.67,89115.7,89550.72,3588.66,321708251.31,89796.81,direct,
47038,2025-03-06 15:00:00,91453.54,89618.15,89796.81,3405.82,309170407.04,90817.43,direct,
47039,2025-03-06 16:00:00,91059.95,89216.61,90817.43,2561.04,231153283.05,89297.93,direct,
47040,2025-03-06 17:00:00,89334.29,87986.79,89297.93,4045.1,358349353.31,88606.07,direct,
47041,2025-03-06 18:00:00,88944.26,88128.88,88606.07,2009.3,177935870.76,88409.83,direct,
47042,2025-03-06 19:00:00,89383.98,87818.33,88409.83,2217.06,196035373.12,88510.74,direct,
47043,2025-03-06 20:00:00,89345.11,88459.7,88510.74,2306.4,205249125.55,89030.19,direct,
47044,2025-03-06 21:00:00,89840.19,88966.62,89030.19,1360.69,121700870.91,89766.57,direct,
47045,2025-03-06 22:00:00,90746.44,89518.26,89766.57,1982.42,178996005.17,90316.18,direct,
47046,2025-03-06 23:00:00,90564.64,89905.98,90316.18,996.51,89941711.59,89931.91,direct,
47047,2025-03-07 00:00:00,91275.25,84649.25,89931.91,10799.19,942011769.69,85515.45,direct,
47048,2025-03-07 01:00:00,88914.01,85207.7,85515.45,6208.96,541157972.04,88252.69,direct,
47049,2025-03-07 02:00:00,88444.49,87247.77,88252.69,2712.41,238107361.87,87258.24,direct,
47050,2025-03-07 03:00:00,87689.2,86779.32,87258.24,1518.58,132512545.07,86967.06,direct,
47051,2025-03-07 04:00:00,87874.88,86859.71,86967.06,941.51,82187563.92,87627.4,direct,
47052,2025-03-07 05:00:00,88434.49,87594.41,87627.4,786.38,69309976.28,88220.7,direct,
47053,2025-03-07 06:00:00,88347.04,87809.79,88220.7,503.2,44328243.86,88205.73,direct,
47054,2025-03-07 07:00:00,88608.19,88090.55,88205.73,610.73,53960800.19,88363.14,direct,
47055,2025-03-07 08:00:00,88477.2,87998.9,88363.14,491.63,43362770.14,88392.85,direct,
47056,2025-03-07 09:00:00,89700.11,88365.04,88392.85,1109.08,98718676.19,88939.96,direct,
47057,2025-03-07 10:00:00,89290.47,88754.97,88939.96,518.06,46147902.78,89265.7,direct,
47058,2025-03-07 11:00:00,89442.03,88849.6,89265.7,559.19,49830488.14,88965.64,direct,
47059,2025-03-07 12:00:00,89332.1,88333.34,88965.64,1721.36,153048095.08,89054.5,direct,
47060,2025-03-07 13:00:00,90339.83,88986.64,89054.5,4029.12,361376091.33,89148.69,direct,
47061,2025-03-07 14:00:00,91103.62,88667.85,89148.69,5710.65,513377895.01,90455.47,direct,
47062,2025-03-07 15:00:00,90792.45,88026.98,90455.47,5684.67,506913239.98,88439.51,direct,
47063,2025-03-07 16:00:00,88941.27,86600.76,88439.51,5825.39,510805793.3,87192.98,direct,
47064,2025-03-07 17:00:00,88613.5,86523.15,87192.98,3878.01,338787437.33,87651.28,direct,
47065,2025-03-07 18:00:00,89015.85,87500.34,87651.28,3103.08,273785643.07,88566.53,direct,
47066,2025-03-07 19:00:00,88884.38,87318.67,88566.53,2067.68,182271349.72,87784.36,direct,
47067,2025-03-07 20:00:00,88471.08,86555.4,87784.36,4253.35,372418313.91,86975.18,direct,
47068,2025-03-07 21:00:00,87326.89,85568.25,86975.18,5107.66,441275722.74,86296.06,direct,
47069,2025-03-07 22:00:00,86819.49,85591.69,86296.06,1296.53,111651836.2,86722.52,direct,
47070,2025-03-07 23:00:00,86808.96,85961.06,86722.52,1027.86,88791862.89,86766.61,direct,
47071,2025-03-08 00:00:00,86860.89,86502.14,86766.61,683.49,59243955.9,86700.77,direct,
47072,2025-03-08 01:00:00,86733.17,85206.97,86700.77,1614.47,138543163.43,86072.13,direct,
47073,2025-03-08 02:00:00,86313.72,85916.64,86072.13,736.74,63448274.04,86155.04,direct,
47074,2025-03-08 03:00:00,86157.2,85434.68,86155.04,618.68,53108606.85,85906.57,direct,
47075,2025-03-08 04:00:00,86477.81,85636.45,85906.57,408.0,35150312.54,86426.69,direct,
47076,2025-03-08 05:00:00,86438.07,86007.78,86426.69,185.72,16018183.56,86262.06,direct,
47077,2025-03-08 06:00:00,86634.11,86252.53,86262.06,267.51,23133009.76,86457.76,direct,
47078,2025-03-08 07:00:00,86520.1,86090.77,86457.76,236.55,20428342.44,86177.33,direct,
47079,2025-03-08 08:00:00,86299.62,86029.89,86177.33,200.85,17310294.89,86053.97,direct,
47080,2025-03-08 09:00:00,86440.22,85829.26,86053.97,250.12,21559329.22,85911.69,direct,
47081,2025-03-08 10:00:00,86241.28,85911.68,85911.69,199.26,17159397.8,86109.74,direct,
47082,2025-03-08 11:00:00,86110.08,85752.87,86109.74,232.29,19957904.87,85927.02,direct,
47083,2025-03-08 12:00:00,86385.26,85796.0,85927.02,500.42,43112340.98,86188.73,direct,
47084,2025-03-08 13:00:00,86499.78,86104.61,86188.73,473.89,40902401.57,86304.04,direct,
47085,2025-03-08 14:00:00,86601.0,86199.33,86304.04,484.63,41875443.02,86347.14,direct,
47086,2025-03-08 15:00:00,86590.67,86183.79,86347.14,338.51,29252066.92,86369.55,direct,
47087,2025-03-08 16:00:00,86435.42,85808.3,86369.55,588.12,50632148.86,86120.33,direct,
47088,2025-03-08 17:00:00,86131.7,85647.26,86120.33,668.9,57462939.73,85926.62,direct,
47089,2025-03-08 18:00:00,86069.68,85857.75,85926.62,301.42,25929243.52,86021.33,direct,
47090,2025-03-08 19:00:00,86477.06,85778.62,86021.33,489.13,42150023.49,86213.55,direct,
47091,2025-03-08 20:00:00,86355.92,86179.52,86213.55,190.15,16410288.64,86268.75,direct,
47092,2025-03-08 21:00:00,86505.32,86203.1,86268.75,272.76,23558501.33,86230.73,direct,
47093,2025-03-08 22:00:00,86372.33,85869.96,86230.73,314.99,27125413.48,86349.87,direct,
47094,2025-03-08 23:00:00,86393.74,86075.33,86349.87,317.58,27390580.59,86225.0,direct,
47095,2025-03-09 00:00:00,86465.65,86132.17,86225.0,285.01,24613678.99,86426.19,direct,
47096,2025-03-09 01:00:00,86509.85,86106.96,86426.19,282.84,24420494.87,86203.08,direct,
47097,2025-03-09 02:00:00,86287.2,86020.56,86203.08,314.52,27102003.82,86026.17,direct,
47098,2025-03-09 03:00:00,86232.99,85976.24,86026.17,250.66,21586142.73,86144.48,direct,
47099,2025-03-09 04:00:00,86146.5,85962.21,86144.48,178.59,15370675.46,86071.48,direct,
47100,2025-03-09 05:00:00,86167.83,85995.71,86071.48,142.03,12232261.79,86050.81,direct,
47101,2025-03-09 06:00:00,86059.41,85837.58,86050.81,190.81,16404555.32,85921.14,direct,
47102,2025-03-09 07:00:00,86170.37,85874.63,85921.14,159.99,13770763.95,86024.52,direct,
47103,2025-03-09 08:00:00,86101.18,85803.52,86024.52,162.51,13973170.42,85815.39,direct,
47104,2025-03-09 09:00:00,85894.61,85425.58,85815.39,243.64,20886320.89,85568.29,direct,
47105,2025-03-09 10:00:00,85637.28,84735.36,85568.29,612.62,52150697.2,84855.21,direct,
47106,2025-03-09 11:00:00,85107.8,84681.16,84855.21,457.69,38857575.88,85040.43,direct,
47107,2025-03-09 12:00:00,85065.92,84268.0,85040.43,929.45,78565089.18,84601.77,direct,
47108,2025-03-09 13:00:00,84704.04,83510.49,84601.77,1145.33,96372525.08,83515.79,direct,
47109,2025-03-09 14:00:00,83820.17,83029.09,83515.79,1659.17,138378445.67,83612.96,direct,
47110,2025-03-09 15:00:00,83761.23,82782.75,83612.96,1009.37,84056256.42,83086.81,direct,
47111,2025-03-09 16:00:00,83741.0,82333.51,83086.81,2029.49,168234337.35,82507.07,direct,
47112,2025-03-09 17:00:00,82946.01,82226.62,82507.07,1850.89,152675150.07,82364.26,direct,
47113,2025-03-09 18:00:00,83334.18,82281.94,82364.26,1813.67,150133743.89,82674.6,direct,
47114,2025-03-09 19:00:00,82975.76,82340.21,82674.6,1112.9,91944860.28,82629.56,direct,
47115,2025-03-09 20:00:00,83532.77,82614.02,82629.56,955.94,79462545.98,83096.4,direct,
47116,2025-03-09 21:00:00,83103.18,81581.95,83096.4,1687.89,138660714.26,81848.18,direct,
47117,2025-03-09 22:00:00,82064.9,80193.04,81848.18,3165.41,256865587.81,80335.31,direct,
47118,2025-03-09 23:00:00,81024.81,80006.76,80335.31,2924.93,235644990.23,80719.05,direct,
47119,2025-03-10 00:00:00,81480.01,80059.01,80719.05,2865.54,231550150.54,81279.19,direct,
47120,2025-03-10 01:00:00,81878.92,80823.28,81279.19,1809.48,147406467.52,81758.48,direct,
47121,2025-03-10 02:00:00,82743.29,81526.11,81758.48,1916.9,157658392.25,82204.57,direct,
47122,2025-03-10 03:00:00,82326.79,81802.61,82204.57,989.02,81162220.96,82043.89,direct,
47123,2025-03-10 04:00:00,82652.68,82006.4,82043.89,472.06,38916490.75,82636.22,direct,
47124,2025-03-10 05:00:00,82791.24,82141.96,82636.22,476.59,39307440.06,82314.78,direct,
47125,2025-03-10 06:00:00,82418.05,81997.88,82314.78,468.14,38484742.94,82335.65,direct,
47126,2025-03-10 07:00:00,82693.77,82056.65,82335.65,547.07,45040200.32,82318.05,direct,
47127,2025-03-10 08:00:00,82383.22,81166.27,82318.05,805.04,65798224.65,81365.75,direct,
47128,2025-03-10 09:00:00,84037.25,81345.08,81365.75,1985.3,164573843.93,82494.61,direct,
47129,2025-03-10 10:00:00,82680.2,81643.69,82494.61,896.58,73668388.82,82303.09,direct,
47130,2025-03-10 11:00:00,83785.79,82081.45,82303.09,1152.15,95507171.45,83566.77,direct,
47131,2025-03-10 12:00:00,83771.11,82646.71,83566.77,1977.63,164551568.99,83268.81,direct,
47132,2025-03-10 13:00:00,83325.84,81414.1,83268.81,3619.48,298047060.51,81527.98,direct,
47133,2025-03-10 14:00:00,81528.0,79162.51,81527.98,6701.59,536416577.66,79825.22,direct,
47134,2025-03-10 15:00:00,81106.02,79553.41,79825.22,3570.54,286597380.78,80012.62,direct,
47135,2025-03-10 16:00:00,80221.48,78944.29,80012.62,3328.4,264513742.89,78964.8,direct,
47136,2025-03-10 17:00:00,79293.16,78161.73,78964.8,5670.56,446322190.01,78418.54,direct,
47137,2025-03-10 18:00:00,79100.32,77467.13,78418.54,4148.1,324625914.4,77615.78,direct,
47138,2025-03-10 19:00:00,79479.77,77420.92,77615.78,5565.59,436953501.25,79001.24,direct,
47139,2025-03-10 20:00:00,79679.75,78365.84,79001.24,2130.23,168188119.22,79273.13,direct,
47140,2025-03-10 21:00:00,79844.92,78923.27,79273.13,1492.88,118603794.72,79524.79,direct,
47141,2025-03-10 22:00:00,79799.46,79171.49,79524.79,861.65,68440912.26,79484.22,direct,
47142,2025-03-10 23:00:00,79676.2,78460.8,79484.22,1546.47,122360864.76,78561.62,direct,
47143,2025-03-11 00:00:00,79197.4,76581.52,78561.62,5036.07,390144086.02,77643.44,direct,
47144,2025-03-11 01:00:00,79083.49,76799.22,77643.44,3178.77,247453768.71,79075.22,direct,
47145,2025-03-11 02:00:00,79634.42,78901.04,79075.22,2245.67,178014999.57,79336.72,direct,
47146,2025-03-11 03:00:00,79900.61,79265.11,79336.72,1276.66,101527715.39,79503.78,direct,
47147,2025-03-11 04:00:00,80227.86,79429.42,79503.78,886.87,70876313.09,79742.43,direct,
47148,2025-03-11 05:00:00,80438.14,79707.29,79742.43,666.57,53430195.54,80240.43,direct,
47149,2025-03-11 06:00:00,80535.3,80094.08,80240.43,506.2,40672328.11,80094.08,direct,
47150,2025-03-11 07:00:00,80595.07,80082.1,80094.08,643.88,51762612.43,80428.79,direct,
47151,2025-03-11 08:00:00,81515.65,80335.66,80428.79,1304.0,105577957.05,81136.09,direct,
47152,2025-03-11 09:00:00,81891.01,81131.47,81136.09,768.43,62640316.54,81459.11,direct,
47153,2025-03-11 10:00:00,81871.53,81282.27,81459.11,530.02,43279133.79,81801.06,direct,
47154,2025-03-11 11:00:00,82080.85,81414.64,81801.06,833.9,68205221.96,81716.86,direct,
47155,2025-03-11 12:00:00,81901.97,81055.88,81716.86,1505.57,122654490.27,81217.76,direct,
47156,2025-03-11 13:00:00,82214.24,80546.68,81217.76,3911.82,317776380.45,80884.5,direct,
47157,2025-03-11 14:00:00,81353.12,79030.98,80884.5,5326.18,427142538.1,79748.38,direct,
47158,2025-03-11 15:00:00,81635.22,79661.41,79748.38,3559.46,288019778.65,81202.16,direct,
47159,2025-03-11 16:00:00,81885.81,80622.51,81202.16,2451.53,199326374.83,81369.46,direct,
47160,2025-03-11 17:00:00,81699.7,80769.28,81369.46,2262.41,183831005.85,81299.18,direct,
47161,2025-03-11 18:00:00,83461.43,81273.19,81299.18,3608.43,298024884.32,83274.14,direct,
47162,2025-03-11 19:00:00,83608.26,82847.15,83274.14,2869.79,238684506.1,83091.1,direct,
47163,2025-03-11 20:00:00,83149.8,82595.12,83091.1,1147.6,95092372.93,82788.02,direct,
47164,2025-03-11 21:00:00,83247.11,82787.99,82788.02,634.76,52739855.48,83109.36,direct,
47165,2025-03-11 22:00:00,83293.36,82976.49,83109.36,512.4,42610742.54,83132.23,direct,
47166,2025-03-11 23:00:00,83166.97,82550.08,83132.23,789.32,65335326.14,82919.47,direct,
47167,2025-03-12 00:00:00,83118.46,82600.18,82919.47,726.21,60155540.08,82745.72,direct,
47168,2025-03-12 01:00:00,83755.11,82741.13,82745.72,1286.64,107120912.3,83296.72,direct,
47169,2025-03-12 02:00:00,83312.11,82225.04,83296.72,1398.47,115672507.27,82424.77,direct,
47170,2025-03-12 03:00:00,82585.86,82095.53,82424.77,741.41,61039076.74,82109.35,direct,
47171,2025-03-12 04:00:00,82144.82,81592.5,82109.35,1647.53,134793394.98,81771.62,direct,
47172,2025-03-12 05:00:00,82003.29,81586.9,81771.62,436.86,35745305.91,81954.65,direct,
47173,2025-03-12 06:00:00,81956.87,81263.75,81954.65,484.18,39504244.82,81413.71,direct,
47174,2025-03-12 07:00:00,82503.75,81302.54,81413.71,862.63,70567345.18,82414.9,direct,
47175,2025-03-12 08:00:00,82800.18,82014.83,82414.9,902.19,74414148.68,82665.13,direct,
47176,2025-03-12 09:00:00,82910.24,82229.49,82665.13,689.99,56932457.55,82661.43,direct,
47177,2025-03-12 10:00:00,82751.01,82092.44,82661.43,763.29,62882827.16,82481.71,direct,
47178,2025-03-12 11:00:00,83050.78,82430.7,82481.71,453.71,37544717.81,82991.61,direct,
47179,2025-03-12 12:00:00,84410.29,82853.72,82991.61,3498.51,292966092.6,84050.97,direct,
47180,2025-03-12 13:00:00,84197.77,82356.7,84050.97,3219.06,268527620.27,82676.81,direct,
47181,2025-03-12 14:00:00,82910.67,81505.38,82676.81,3416.78,280505211.01,81508.68,direct,
47182,2025-03-12 15:00:00,81982.54,80596.11,81508.68,3878.07,315345350.6,81719.66,direct,
47183,2025-03-12 16:00:00,82260.66,81613.05,81719.66,1795.55,147175485.68,81948.38,direct,
47184,2025-03-12 17:00:00,82873.64,81771.97,81948.38,1664.88,137161931.52,81830.24,direct,
47185,2025-03-12 18:00:00,82800.09,81718.3,81830.24,1627.71,134190822.27,82629.2,direct,
47186,2025-03-12 19:00:00,83141.74,82477.98,82629.2,1307.21,108255368.88,82919.91,direct,
47187,2025-03-12 20:00:00,83168.23,82704.07,82919.91,594.4,49309596.48,83108.4,direct,
47188,2025-03-12 21:00:00,83306.62,82861.42,83108.4,530.15,44075359.05,83070.4,direct,
47189,2025-03-12 22:00:00,83682.99,83061.48,83070.4,722.14,60273157.21,83647.79,direct,
47190,2025-03-12 23:00:00,83871.78,83397.26,83647.79,673.21,56289931.04,83665.14,direct,
47191,2025-03-13 00:00:00,83998.22,83429.3,83665.14,852.12,71320558.72,83432.57,direct,
47192,2025-03-13 01:00:00,84200.12,83304.38,83432.57,698.84,58545898.45,83915.56,direct,
47193,2025-03-13 02:00:00,84307.29,83755.73,83915.56,791.72,66510480.28,83775.08,direct,
47194,2025-03-13 03:00:00,84169.15,83541.51,83775.08,526.66,44140897.49,83560.39,direct,
47195,2025-03-13 04:00:00,83688.65,83211.13,83560.39,361.13,30133060.46,83283.44,direct,
47196,2025-03-13 05:00:00,83518.26,83084.31,83283.44,379.19,31570610.51,83146.99,direct,
47197,2025-03-13 06:00:00,83317.22,82856.19,83146.99,315.07,26172441.61,83281.29,direct,
47198,2025-03-13 07:00:00,83529.6,83132.28,83281.29,314.37,26191025.74,83147.16,direct,
47199,2025-03-13 08:00:00,83242.54,82406.69,83147.16,702.86,58173382.33,82977.19,direct,
47200,2025-03-13 09:00:00,83499.6,82972.67,82977.19,645.55,53755962.65,83415.25,direct,
47201,2025-03-13 10:00:00,83469.75,82991.3,83415.25,443.45,36898302.93,83169.31,direct,
47202,2025-03-13 11:00:00,83207.39,82699.55,83169.31,479.55,39753039.87,82946.83,direct,
47203,2025-03-13 12:00:00,83794.84,82277.69,82946.83,1592.65,132173810.79,82491.3,direct,
47204,2025-03-13 13:00:00,83080.62,81580.53,82491.3,2553.34,210480963.68,81747.34,direct,
47205,2025-03-13 14:00:00,82469.79,81529.89,81747.34,2453.09,201174974.93,81981.39,direct,
47206,2025-03-13 15:00:00,82150.7,80945.01,81981.39,2187.74,178178202.43,81025.45,direct,
47207,2025-03-13 16:00:00,81230.23,80630.13,81025.45,1518.97,122896714.42,80835.53,direct,
47208,2025-03-13 17:00:00,80854.97,79915.4,80835.53,2546.04,204507000.31,80018.88,direct,
47209,2025-03-13 18:00:00,80916.61,79971.79,80018.88,1633.98,131723029.94,80779.96,direct,
47210,2025-03-13 19:00:00,80993.19,80086.11,80779.96,2048.61,164823205.1,80147.97,direct,
47211,2025-03-13 20:00:00,80683.1,80114.14,80147.97,919.09,73916536.44,80323.07,direct,
47212,2025-03-13 21:00:00,80834.63,80241.13,80323.07,600.01,48346311.94,80753.11,direct,
47213,2025-03-13 22:00:00,81366.61,80688.31,80753.11,535.63,43394649.91,81357.27,direct,
47214,2025-03-13 23:00:00,81444.84,81017.43,81357.27,714.18,57981171.55,81081.43,direct,
47215,2025-03-14 00:00:00,81653.58,80787.81,81081.43,859.87,69867282.31,81469.55,direct,
47216,2025-03-14 01:00:00,81856.19,81186.57,81469.55,520.34,42417733.74,81576.9,direct,
47217,2025-03-14 02:00:00,82237.06,81571.96,81576.9,790.47,64728905.24,82195.66,direct,
47218,2025-03-14 03:00:00,82221.73,81734.94,82195.66,557.68,45711996.45,81876.88,direct,
47219,2025-03-14 04:00:00,82023.41,81828.86,81876.88,334.28,27394337.52,81936.1,direct,
47220,2025-03-14 05:00:00,82197.96,81820.51,81936.1,212.25,17403962.73,82140.6,direct,
47221,2025-03-14 06:00:00,82167.74,81769.09,82140.6,348.22,28540658.0,82029.68,direct,
47222,2025-03-14 07:00:00,82433.96,81897.31,82029.68,290.73,23892350.8,82187.28,direct,
47223,2025-03-14 08:00:00,82628.2,82171.36,82187.28,477.3,39346281.1,82588.66,direct,
47224,2025-03-14 09:00:00,82924.65,82575.04,82588.66,538.64,44591143.29,82773.39,direct,
47225,2025-03-14 10:00:00,83271.36,82669.21,82773.39,773.87,64236104.32,83039.78,direct,
47226,2025-03-14 11:00:00,83340.24,82974.64,83039.78,693.63,57694346.86,83252.26,direct,
47227,2025-03-14 12:00:00,83518.29,83048.41,83252.26,964.5,80367995.98,83418.31,direct,
47228,2025-03-14 13:00:00,83889.48,83053.29,83418.31,2430.36,202989352.8,83606.53,direct,
47229,2025-03-14 14:00:00,83606.7,82631.74,83606.53,3387.93,281529037.33,83528.17,direct,
47230,2025-03-14 15:00:00,85315.9,83528.17,83528.17,4254.89,360228947.25,84739.19,direct,
47231,2025-03-14 16:00:00,84965.09,83959.46,84739.19,3398.13,286997064.8,84795.87,direct,
47232,2025-03-14 17:00:00,84841.74,84211.22,84795.87,1326.5,112075793.01,84373.09,direct,
47233,2025-03-14 18:00:00,84730.68,84218.87,84373.09,1211.06,102339749.83,84587.99,direct,
47234,2025-03-14 19:00:00,84953.27,84469.15,84587.99,1469.43,124412709.16,84574.98,direct,
47235,2025-03-14 20:00:00,84579.11,83736.97,84574.98,1214.46,102224525.08,84156.43,direct,
47236,2025-03-14 21:00:00,84320.55,83974.67,84156.43,566.51,47688901.24,84218.01,direct,
47237,2025-03-14 22:00:00,84529.79,84125.33,84218.01,663.5,56046585.8,84457.02,direct,
47238,2025-03-14 23:00:00,84460.48,83977.48,84457.02,407.66,34326235.53,83995.47,direct,
47239,2025-03-15 00:00:00,84368.76,83987.04,83995.47,368.7,31049248.05,84316.4,direct,
47240,2025-03-15 01:00:00,84589.85,84132.86,84316.4,432.13,36449999.73,84379.57,direct,
47241,2025-03-15 02:00:00,84643.14,84189.32,84379.57,406.7,34330204.57,84572.94,direct,
47242,2025-03-15 03:00:00,84688.82,84437.38,84572.94,330.71,27966455.88,84499.88,direct,
47243,2025-03-15 04:00:00,84574.09,84315.33,84499.88,206.51,17442047.33,84480.42,direct,
47244,2025-03-15 05:00:00,84491.24,84285.94,84480.42,120.4,10158636.29,84287.84,direct,
47245,2025-03-15 06:00:00,84321.39,84188.79,84287.84,95.8,8069999.68,84198.67,direct,
47246,2025-03-15 07:00:00,84211.53,83822.98,84198.67,296.82,24930382.24,83857.07,direct,
47247,2025-03-15 08:00:00,84027.79,83628.73,83857.07,227.38,19059138.68,83912.71,direct,
47248,2025-03-15 09:00:00,83975.71,83730.08,83912.71,146.79,12306734.63,83967.92,direct,
47249,2025-03-15 10:00:00,83991.56,83679.25,83967.92,214.47,17985807.91,83928.37,direct,
47250,2025-03-15 11:00:00,84186.47,83863.19,83928.37,190.67,16023780.8,84123.2,direct,
47251,2025-03-15 12:00:00,84294.41,84034.44,84123.2,299.46,25211846.15,84165.12,direct,
47252,2025-03-15 13:00:00,84489.22,84155.0,84165.12,298.17,25160525.19,84476.88,direct,
47253,2025-03-15 14:00:00,84477.02,84130.08,84476.88,304.5,25654951.26,84155.18,direct,
47254,2025-03-15 15:00:00,84411.11,84154.75,84155.18,397.33,33500400.6,84347.59,direct,
47255,2025-03-15 16:00:00,84493.0,84207.82,84347.59,287.35,24239624.05,84363.55,direct,
47256,2025-03-15 17:00:00,84502.6,84285.57,84363.55,255.76,21590482.86,84432.45,direct,
47257,2025-03-15 18:00:00,84479.68,84159.08,84432.45,263.59,22220513.82,84238.28,direct,
47258,2025-03-15 19:00:00,84336.67,84132.51,84238.28,200.23,16866076.13,84315.81,direct,
47259,2025-03-15 20:00:00,84459.38,84315.81,84315.81,241.31,20369339.84,84403.01,direct,
47260,2025-03-15 21:00:00,84480.44,84264.06,84403.01,210.09,17730058.19,84405.47,direct,
47261,2025-03-15 22:00:00,84459.69,84346.15,84405.47,140.67,11874989.51,84401.35,direct,
47262,2025-03-15 23:00:00,84411.96,84292.43,84401.35,145.55,12275672.77,84355.92,direct,
47263,2025-03-16 00:00:00,84392.22,84235.69,84355.92,198.74,16753235.97,84268.86,direct,
47264,2025-03-16 01:00:00,84289.66,83857.94,84268.86,486.44,40890394.2,83898.16,direct,
47265,2025-03-16 02:00:00,84141.38,83764.31,83898.16,370.93,31129360.22,83976.75,direct,
47266,2025-03-16 03:00:00,84383.09,83915.86,83976.75,223.77,18827558.36,84336.72,direct,
47267,2025-03-16 04:00:00,84419.44,84258.02,84336.72,141.83,11964903.47,84412.21,direct,
47268,2025-03-16 05:00:00,84422.28,84322.68,84412.21,79.82,6733809.26,84399.1,direct,
47269,2025-03-16 06:00:00,84410.45,84243.73,84399.1,58.38,4923087.12,84245.82,direct,
47270,2025-03-16 07:00:00,84382.2,83992.04,84245.82,194.76,16403234.37,84286.44,direct,
47271,2025-03-16 08:00:00,84342.03,84174.03,84286.44,78.39,6603801.05,84278.85,direct,
47272,2025-03-16 09:00:00,84286.69,83825.04,84278.85,201.94,16964078.68,83893.88,direct,
47273,2025-03-16 10:00:00,84058.7,83673.74,83893.88,316.33,26514876.86,83679.82,direct,
47274,2025-03-16 11:00:00,83697.78,82391.02,83679.82,1021.5,84701757.18,82420.13,direct,
47275,2025-03-16 12:00:00,82922.41,82402.42,82420.13,680.43,56246843.19,82766.12,direct,
47276,2025-03-16 13:00:00,83135.77,82513.56,82766.12,678.2,56178429.83,82603.39,direct,
47277,2025-03-16 14:00:00,83376.43,82587.11,82603.39,635.03,52679849.6,83367.99,direct,
47278,2025-03-16 15:00:00,83474.5,82984.93,83367.99,602.58,50160185.11,83328.44,direct,
47279,2025-03-16 16:00:00,85083.1,83306.53,83328.44,2314.49,194946780.68,83634.81,direct,
47280,2025-03-16 17:00:00,84102.05,83494.3,83634.81,688.58,57690418.05,83917.68,direct,
47281,2025-03-16 18:00:00,84094.36,83642.51,83917.68,522.93,43850734.85,83702.84,direct,
47282,2025-03-16 19:00:00,83728.53,82589.32,83702.84,972.02,80773091.64,83107.67,direct,
47283,2025-03-16 20:00:00,83445.41,82915.14,83107.67,587.0,48808934.72,83216.09,direct,
47284,2025-03-16 21:00:00,83220.26,82690.22,83216.09,423.41,35097661.81,82762.16,direct,
47285,2025-03-16 22:00:00,82839.63,82089.77,82762.16,806.92,66471673.88,82094.35,direct,
47286,2025-03-16 23:00:00,82626.95,81992.19,82094.35,834.78,68716904.55,82572.37,direct,
47287,2025-03-17 00:00:00,83140.83,82525.55,82572.37,679.48,56289050.28,83051.38,direct,
47288,2025-03-17 01:00:00,83383.87,82831.42,83051.38,606.4,50398225.97,83231.77,direct,
47289,2025-03-17 02:00:00,83356.56,82974.42,83231.77,429.4,35718457.72,83209.61,direct,
47290,2025-03-17 03:00:00,83716.54,83209.57,83209.61,370.24,30913113.83,83676.18,direct,
47291,2025-03-17 04:00:00,83857.49,83514.56,83676.18,305.68,25585202.68,83600.24,direct,
47292,2025-03-17 05:00:00,83600.25,83119.76,83600.24,284.95,23735131.62,83120.43,direct,
47293,2025-03-17 06:00:00,83273.27,82676.87,83120.43,395.29,32806075.7,83207.13,direct,
47294,2025-03-17 07:00:00,83607.35,83198.61,83207.13,300.97,25100633.54,83557.34,direct,
47295,2025-03-17 08:00:00,83690.58,83204.46,83557.34,232.12,19376518.56,83537.09,direct,
47296,2025-03-17 09:00:00,83760.94,83424.49,83537.09,343.08,28683184.68,83650.19,direct,
47297,2025-03-17 10:00:00,83672.59,83257.36,83650.19,318.5,26570765.81,83330.64,direct,
47298,2025-03-17 11:00:00,83675.16,83219.62,83330.64,378.52,31608457.59,83518.2,direct,
47299,2025-03-17 12:00:00,83960.63,82997.61,83518.2,2350.18,196037908.15,83047.49,direct,
47300,2025-03-17 13:00:00,83720.53,82793.25,83047.49,1814.01,150944931.8,83027.85,direct,
47301,2025-03-17 14:00:00,83347.16,82442.95,83027.85,2424.89,200905566.66,82904.59,direct,
47302,2025-03-17 15:00:00,83698.47,82707.78,82904.59,1346.89,112212283.2,83530.42,direct,
47303,2025-03-17 16:00:00,83867.66,83110.84,83530.42,1155.57,96530769.61,83447.81,direct,
47304,2025-03-17 17:00:00,84336.58,83363.72,83447.81,1723.14,144739456.37,84195.74,direct,
47305,2025-03-17 18:00:00,84595.63,83991.6,84195.74,1364.17,115010850.85,84503.16,direct,
47306,2025-03-17 19:00:00,84760.98,84317.07,84503.16,1182.53,99940460.05,84482.4,direct,
47307,2025-03-17 20:00:00,84504.65,83852.05,84482.4,806.29,67838190.26,83967.18,direct,
47308,2025-03-17 21:00:00,84240.41,83885.67,83967.18,377.69,31741662.58,84080.42,direct,
47309,2025-03-17 22:00:00,84249.46,84012.32,84080.42,277.92,23387587.74,84073.47,direct,
47310,2025-03-17 23:00:00,84141.68,83757.38,84073.47,498.15,41837124.18,84025.12,direct,
47311,2025-03-18 00:00:00,84039.3,83723.76,84025.12,406.71,34107098.19,83804.87,direct,
47312,2025-03-18 01:00:00,83918.41,83016.8,83804.87,982.44,81848277.54,83168.44,direct,
47313,2025-03-18 02:00:00,83527.04,83091.31,83168.44,548.63,45724485.1,83372.02,direct,
47314,2025-03-18 03:00:00,83372.09,82962.23,83372.02,533.46,44361254.84,83140.65,direct,
47315,2025-03-18 04:00:00,83206.02,82849.63,83140.65,460.15,38215480.23,82991.53,direct,
47316,2025-03-18 05:00:00,83121.36,82909.7,82991.53,311.17,25836707.22,83023.35,direct,
47317,2025-03-18 06:00:00,83023.77,82251.69,83023.35,758.19,62622646.17,82451.7,direct,
47318,2025-03-18 07:00:00,83271.46,82368.37,82451.7,899.9,74651941.28,83164.51,direct,
47319,2025-03-18 08:00:00,83458.07,83052.34,83164.51,333.5,27770447.87,83289.24,direct,
47320,2025-03-18 09:00:00,83345.85,82790.7,83289.24,352.92,29332966.24,82839.3,direct,
47321,2025-03-18 10:00:00,82935.35,82610.86,82839.3,384.7,31842619.12,82818.9,direct,
47322,2025-03-18 11:00:00,82862.19,82507.5,82818.9,336.0,27778718.82,82592.28,direct,
47323,2025-03-18 12:00:00,82813.8,82334.71,82592.28,661.95,54639485.92,82400.14,direct,
47324,2025-03-18 13:00:00,82474.24,81158.95,82400.14,2594.36,212064923.25,81362.07,direct,
47325,2025-03-18 14:00:00,81958.4,81137.39,81362.07,2284.55,186141999.99,81843.97,direct,
47326,2025-03-18 15:00:00,82195.83,81527.69,81843.97,1428.65,116818252.93,81601.04,direct,
47327,2025-03-18 16:00:00,82156.48,81542.84,81601.04,1239.26,101360582.81,81856.98,direct,
47328,2025-03-18 17:00:00,81974.42,81323.71,81856.98,1335.66,109023067.69,81458.45,direct,
47329,2025-03-18 18:00:00,81942.47,81243.5,81458.45,1111.01,90622542.72,81872.05,direct,
47330,2025-03-18 19:00:00,82489.94,81759.86,81872.05,1928.28,158315497.84,82315.4,direct,
47331,2025-03-18 20:00:00,82356.93,81877.7,82315.4,573.96,47125985.35,82041.09,direct,
47332,2025-03-18 21:00:00,82193.12,81931.66,82041.09,320.93,26336265.61,82046.33,direct,
47333,2025-03-18 22:00:00,82556.43,81991.03,82046.33,507.33,41746960.01,82394.43,direct,
47334,2025-03-18 23:00:00,82807.09,82394.43,82394.43,646.26,53413953.17,82716.74,direct,
47335,2025-03-19 00:00:00,83230.31,82609.36,82716.74,735.09,60994898.87,83113.18,direct,
47336,2025-03-19 01:00:00,83159.67,82618.25,83113.18,553.7,45904367.23,82628.13,direct,
47337,2025-03-19 02:00:00,82896.49,82562.03,82628.13,532.2,44033386.93,82873.58,direct,
47338,2025-03-19 03:00:00,83095.72,82754.45,82873.58,460.7,38209919.56,83056.14,direct,
47339,2025-03-19 04:00:00,83089.81,82801.88,83056.14,356.52,29576055.15,82971.93,direct,
47340,2025-03-19 05:00:00,83334.22,82926.11,82971.93,770.0,63999649.67,83258.93,direct,
47341,2025-03-19 06:00:00,83334.99,83146.37,83258.93,399.62,33259332.77,83222.23,direct,
47342,2025-03-19 07:00:00,83379.7,83070.12,83222.23,897.55,74672433.14,83216.53,direct,
47343,2025-03-19 08:00:00,83528.81,83202.29,83216.53,392.89,32768858.52,83433.05,direct,
47344,2025-03-19 09:00:00,83607.96,83379.44,83433.05,354.82,29630668.57,83544.96,direct,
47345,2025-03-19 10:00:00,83831.72,83473.82,83544.96,695.28,58154807.79,83483.75,direct,
47346,2025-03-19 11:00:00,84093.41,83397.45,83483.75,937.47,78579936.09,83890.63,direct,
47347,2025-03-19 12:00:00,83928.48,83536.05,83890.63,679.32,56860109.09,83761.2,direct,
47348,2025-03-19 13:00:00,84331.84,83631.01,83761.2,1975.98,165982473.7,84107.61,direct,
47349,2025-03-19 14:00:00,84405.04,83888.77,84107.61,1903.97,160307825.65,84321.07,direct,
47350,2025-03-19 15:00:00,84910.6,84122.26,84321.07,1599.77,135196470.31,84755.38,direct,
47351,2025-03-19 16:00:00,84844.03,84446.02,84755.38,1392.09,117801887.62,84603.61,direct,
47352,2025-03-19 17:00:00,84724.06,83796.57,84603.61,2072.71,174778226.09,84234.76,direct,
47353,2025-03-19 18:00:00,85903.34,83594.37,84234.76,5010.16,424346219.71,85660.2,direct,
47354,2025-03-19 19:00:00,85974.21,84977.23,85660.2,4150.34,354628613.94,85472.02,direct,
47355,2025-03-19 20:00:00,85882.7,85243.65,85472.02,1180.51,101083792.89,85384.77,direct,
47356,2025-03-19 21:00:00,85938.58,85362.41,85384.77,869.38,74469992.13,85677.62,direct,
47357,2025-03-19 22:00:00,86535.71,85660.39,85677.62,1390.72,119730025.69,86186.99,direct,
47358,2025-03-19 23:00:00,87036.45,86186.98,86186.99,1453.33,125972989.36,86878.5,direct,
47359,2025-03-20 00:00:00,87483.4,85978.42,86878.5,3019.85,262164300.99,86050.62,direct,
47360,2025-03-20 01:00:00,86389.44,85753.5,86050.62,1158.56,99710957.84,85897.35,direct,
47361,2025-03-20 02:00:00,86147.32,85650.6,85897.35,990.74,85071445.87,86098.51,direct,
47362,2025-03-20 03:00:00,86159.52,85853.4,86098.51,407.56,35045358.4,85905.92,direct,
47363,2025-03-20 04:00:00,85946.22,85453.33,85905.92,373.59,32004495.61,85689.78,direct,
47364,2025-03-20 05:00:00,85845.12,85487.9,85689.78,295.76,25340252.91,85840.76,direct,
47365,2025-03-20 06:00:00,86016.34,85650.25,85840.76,302.94,26002085.37,85774.14,direct,
47366,2025-03-20 07:00:00,85977.0,85720.23,85774.14,165.02,14169927.36,85833.25,direct,
47367,2025-03-20 08:00:00,86318.56,85724.37,85833.25,295.24,25405029.95,86255.42,direct,
47368,2025-03-20 09:00:00,86279.69,85824.9,86255.42,352.05,30323794.43,85889.28,direct,
47369,2025-03-20 10:00:00,85947.47,84756.87,85889.28,1150.1,98051809.11,85149.71,direct,
47370,2025-03-20 11:00:00,85490.28,85142.49,85149.71,350.38,29900532.55,85482.23,direct,
47371,2025-03-20 12:00:00,85535.63,85187.04,85482.23,581.65,49643326.5,85329.1,direct,
47372,2025-03-20 13:00:00,85829.08,85060.68,85329.1,1246.74,106491580.35,85485.94,direct,
47373,2025-03-20 14:00:00,86504.86,85459.15,85485.94,2283.08,196656536.01,86138.11,direct,
47374,2025-03-20 15:00:00,86187.39,84561.66,86138.11,2900.41,247762129.98,84674.61,direct,
47375,2025-03-20 16:00:00,84871.79,83611.66,84674.61,2618.54,220401168.35,83759.48,direct,
47376,2025-03-20 17:00:00,84323.37,83694.52,83759.48,1647.61,138364019.02,84049.49,direct,
47377,2025-03-20 18:00:00,84290.27,83892.22,84049.49,1117.76,93955873.62,84004.15,direct,
47378,2025-03-20 19:00:00,84387.38,83872.32,84004.15,1652.65,139082225.59,84141.26,direct,
47379,2025-03-20 20:00:00,84564.75,84111.44,84141.26,697.53,58872102.68,84505.38,direct,
47380,2025-03-20 21:00:00,84569.02,84221.69,84505.38,468.34,39526209.71,84327.1,direct,
47381,2025-03-20 22:00:00,84470.98,83968.0,84327.1,493.14,41501617.52,84108.54,direct,
47382,2025-03-20 23:00:00,84310.8,83879.93,84108.54,470.91,39581357.1,84178.31,direct,
47383,2025-03-21 00:00:00,84475.77,84148.27,84178.31,343.56,28982364.16,84449.04,direct,
47384,2025-03-21 01:00:00,84741.92,84327.55,84449.04,373.9,31604810.13,84733.06,direct,
47385,2025-03-21 02:00:00,84798.7,84481.18,84733.06,367.93,31135932.6,84636.21,direct,
47386,2025-03-21 03:00:00,84680.23,84239.41,84636.21,397.98,33593167.47,84421.02,direct,
47387,2025-03-21 04:00:00,84781.49,84420.16,84421.02,296.59,25101459.72,84646.27,direct,
47388,2025-03-21 05:00:00,84647.09,84317.51,84646.27,192.34,16239498.26,84433.83,direct,
47389,2025-03-21 06:00:00,84438.5,84041.57,84433.83,350.36,29498853.65,84172.12,direct,
47390,2025-03-21 07:00:00,84241.52,83705.01,84172.12,382.42,32098656.98,83901.29,direct,
47391,2025-03-21 08:00:00,84114.82,83701.26,83901.29,403.8,33886850.83,83986.73,direct,
47392,2025-03-21 09:00:00,84289.28,83766.49,83986.73,276.14,23216677.03,84096.96,direct,
47393,2025-03-21 10:00:00,84247.65,83870.53,84096.96,252.78,21252288.11,84128.01,direct,
47394,2025-03-21 11:00:00,84139.89,83909.81,84128.01,191.78,16113260.68,84016.54,direct,
47395,2025-03-21 12:00:00,84319.12,83357.21,84016.54,941.3,78868350.31,83424.14,direct,
47396,2025-03-21 13:00:00,84051.7,83129.17,83424.14,1960.3,163925851.56,83892.65,direct,
47397,2025-03-21 14:00:00,84245.61,83468.75,83892.65,1915.48,160752822.42,84207.37,direct,
47398,2025-03-21 15:00:00,84246.76,83514.26,84207.37,1032.7,86527082.69,83525.65,direct,
47399,2025-03-21 16:00:00,84101.01,83332.67,83525.65,1019.6,85370412.92,84062.98,direct,
47400,2025-03-21 17:00:00,84120.0,83664.13,84062.98,889.24,74595023.25,83985.94,direct,
47401,2025-03-21 18:00:00,84384.39,83865.11,83985.94,744.55,62608546.73,84071.2,direct,
47402,2025-03-21 19:00:00,84154.16,83763.88,84071.2,1107.59,93004090.52,83921.44,direct,
47403,2025-03-21 20:00:00,84204.05,83780.07,83921.44,992.12,83310456.52,84181.03,direct,
47404,2025-03-21 21:00:00,84551.92,84147.9,84181.03,616.95,52030999.32,84371.18,direct,
47405,2025-03-21 22:00:00,84380.08,84076.67,84371.18,512.34,43160489.92,84145.31,direct,
47406,2025-03-21 23:00:00,84194.74,84016.07,84145.31,237.7,19988826.52,84060.48,direct,
47407,2025-03-22 00:00:00,84223.21,84015.14,84060.48,282.34,23751350.22,84168.4,direct,
47408,2025-03-22 01:00:00,84295.22,83968.5,84168.4,247.46,20818549.42,84048.47,direct,
47409,2025-03-22 02:00:00,84222.53,83996.55,84048.47,140.84,11848344.6,84159.45,direct,
47410,2025-03-22 03:00:00,84262.0,84109.28,84159.45,136.5,11492099.92,84228.37,direct,
47411,2025-03-22 04:00:00,84358.06,84181.1,84228.37,108.9,9176863.65,84337.39,direct,
47412,2025-03-22 05:00:00,84395.84,84226.68,84337.39,100.8,8497718.23,84285.32,direct,
47413,2025-03-22 06:00:00,84364.4,84139.76,84285.32,108.4,9138126.13,84306.23,direct,
47414,2025-03-22 07:00:00,84362.83,84204.8,84306.23,130.47,10998322.02,84253.07,direct,
47415,2025-03-22 08:00:00,84263.18,84111.83,84253.07,123.32,10384311.44,84201.06,direct,
47416,2025-03-22 09:00:00,84503.68,84200.97,84201.06,225.68,19042478.36,84334.68,direct,
47417,2025-03-22 10:00:00,84416.21,84332.99,84334.68,144.16,12163531.7,84391.7,direct,
47418,2025-03-22 11:00:00,84401.54,84192.4,84391.7,161.91,13645721.17,84213.65,direct,
47419,2025-03-22 12:00:00,84270.04,84165.95,84213.65,152.59,12849888.15,84212.11,direct,
47420,2025-03-22 13:00:00,84226.3,84042.68,84212.11,198.87,16732099.85,84162.21,direct,
47421,2025-03-22 14:00:00,84191.03,83995.12,84162.21,225.15,18935054.05,84005.21,direct,
47422,2025-03-22 15:00:00,84124.01,83971.1,84005.21,223.26,18762914.22,84103.09,direct,
47423,2025-03-22 16:00:00,84149.14,84055.86,84103.09,270.02,22708393.62,84134.46,direct,
47424,2025-03-22 17:00:00,84256.14,84111.64,84134.46,263.75,22201145.61,84237.67,direct,
47425,2025-03-22 18:00:00,84319.08,84192.84,84237.67,191.95,16174830.71,84246.84,direct,
47426,2025-03-22 19:00:00,84273.32,84163.46,84246.84,190.97,16084754.98,84173.9,direct,
47427,2025-03-22 20:00:00,84210.45,83937.77,84173.9,294.38,24757990.38,83938.31,direct,
47428,2025-03-22 21:00:00,84092.84,83843.64,83938.31,299.67,25169416.96,84000.51,direct,
47429,2025-03-22 22:00:00,84073.27,83954.86,84000.51,161.6,13577100.49,83958.73,direct,
47430,2025-03-22 23:00:00,83969.8,83661.65,83958.73,401.28,33637870.42,83837.39,direct,
47431,2025-03-23 00:00:00,84048.78,83807.2,83837.39,203.08,17049355.09,84005.17,direct,
47432,2025-03-23 01:00:00,84130.31,83979.6,84005.17,173.73,14605322.11,84064.43,direct,
47433,2025-03-23 02:00:00,84266.86,83991.6,84064.43,219.0,18428343.74,84226.82,direct,
47434,2025-03-23 03:00:00,84242.29,84134.48,84226.82,181.79,15306149.55,84222.53,direct,
47435,2025-03-23 04:00:00,84226.6,84071.42,84222.53,140.85,11848932.44,84108.7,direct,
47436,2025-03-23 05:00:00,84243.03,84103.19,84108.7,125.16,10535044.82,84225.16,direct,
47437,2025-03-23 06:00:00,84297.4,84193.61,84225.16,100.48,8464980.57,84243.2,direct,
47438,2025-03-23 07:00:00,84328.27,84219.22,84243.2,103.53,8724726.06,84275.57,direct,
47439,2025-03-23 08:00:00,84352.62,84258.68,84275.57,116.5,9823363.31,84340.05,direct,
47440,2025-03-23 09:00:00,84375.7,84310.82,84340.05,128.65,10850174.1,84322.16,direct,
47441,2025-03-23 10:00:00,84505.39,84309.08,84322.16,165.28,13949498.69,84461.34,direct,
47442,2025-03-23 11:00:00,85022.53,84461.3,84461.34,582.5,49405356.62,84683.87,direct,
47443,2025-03-23 12:00:00,84807.84,84577.0,84683.87,228.39,19346450.26,84723.44,direct,
47444,2025-03-23 13:00:00,85086.6,84645.76,84723.44,360.11,30574935.58,85068.37,direct,
47445,2025-03-23 14:00:00,85190.02,84860.39,85068.37,439.39,37341157.18,84898.81,direct,
47446,2025-03-23 15:00:00,85241.48,84894.05,84898.81,396.4,33733546.1,85176.4,direct,
47447,2025-03-23 16:00:00,85371.82,84954.48,85176.4,492.87,41984448.01,85250.79,direct,
47448,2025-03-23 17:00:00,85403.82,84888.11,85250.79,656.65,55882576.38,85012.55,direct,
47449,2025-03-23 18:00:00,85032.35,84815.28,85012.55,363.0,30829483.83,84979.02,direct,
47450,2025-03-23 19:00:00,85082.63,84909.96,84979.02,306.75,26084336.01,85017.18,direct,
47451,2025-03-23 20:00:00,85272.41,85017.16,85017.18,276.71,23571031.69,85114.17,direct,
47452,2025-03-23 21:00:00,85193.35,84932.5,85114.17,346.75,29479848.95,85189.53,direct,
47453,2025-03-23 22:00:00,85683.2,85176.69,85189.53,613.25,52374268.15,85375.31,direct,
47454,2025-03-23 23:00:00,86126.45,85375.3,85375.31,729.78,62594662.42,86091.67,direct,
47455,2025-03-24 00:00:00,86643.18,85869.23,86091.67,910.84,78551513.34,86037.95,direct,
47456,2025-03-24 01:00:00,86046.34,85550.23,86037.95,525.93,45103450.68,85576.1,direct,
47457,2025-03-24 02:00:00,85952.19,85546.71,85576.1,488.71,41903113.82,85894.22,direct,
47458,2025-03-24 03:00:00,86566.34,85881.98,85894.22,723.37,62415696.77,86533.51,direct,
47459,2025-03-24 04:00:00,86938.04,86533.48,86533.51,515.43,44723246.17,86853.82,direct,
47460,2025-03-24 05:00:00,87033.17,86825.09,86853.82,460.48,40031931.33,86915.14,direct,
47461,2025-03-24 06:00:00,87295.59,86911.32,86915.14,681.94,59383183.73,87122.43,direct,
47462,2025-03-24 07:00:00,87188.38,86773.24,87122.43,357.59,31091169.66,86891.58,direct,
47463,2025-03-24 08:00:00,87519.83,86874.62,86891.58,476.99,41636293.09,87421.37,direct,
47464,2025-03-24 09:00:00,87514.61,87138.4,87421.37,350.05,30560112.27,87171.65,direct,
47465,2025-03-24 10:00:00,87895.13,87141.61,87171.65,504.33,44189781.99,87807.68,direct,
47466,2025-03-24 11:00:00,87844.77,87538.31,87807.68,361.03,31667707.15,87707.11,direct,
47467,2025-03-24 12:00:00,87714.14,87273.02,87707.11,1052.19,92008514.98,87338.84,direct,
47468,2025-03-24 13:00:00,87728.98,87151.54,87338.84,1441.6,126002611.46,87712.52,direct,
47469,2025-03-24 14:00:00,88782.52,87666.26,87712.52,4352.33,384167884.84,87986.29,direct,
47470,2025-03-24 15:00:00,88410.34,87727.27,87986.29,2166.17,190775073.06,88353.78,direct,
47471,2025-03-24 16:00:00,88514.21,87721.18,88353.78,1713.45,150987617.95,88070.27,direct,
47472,2025-03-24 17:00:00,88481.25,87969.07,88070.27,1063.33,93903849.37,88477.97,direct,
47473,2025-03-24 18:00:00,88574.4,88159.57,88477.97,1805.5,159641714.73,88495.43,direct,
47474,2025-03-24 19:00:00,88558.79,88016.13,88495.43,2228.63,196778689.53,88291.95,direct,
47475,2025-03-24 20:00:00,88531.17,87854.58,88291.95,1650.06,145547809.87,87875.33,direct,
47476,2025-03-24 21:00:00,88310.63,87853.86,87875.33,896.29,78945274.17,88146.92,direct,
47477,2025-03-24 22:00:00,88220.42,87354.81,88146.92,842.71,73903771.53,87469.9,direct,
47478,2025-03-24 23:00:00,87546.43,87092.21,87469.9,656.76,57342354.35,87520.48,direct,
47479,2025-03-25 00:00:00,87705.81,87280.8,87520.48,556.15,48676373.75,87628.94,direct,
47480,2025-03-25 01:00:00,87628.96,86831.65,87628.94,725.73,63220010.84,87111.28,direct,
47481,2025-03-25 02:00:00,87112.43,86855.2,87111.28,442.12,38456966.89,86879.23,direct,
47482,2025-03-25 03:00:00,87010.61,86361.38,86879.23,819.98,71046403.7,86535.52,direct,
47483,2025-03-25 04:00:00,86666.29,86325.18,86535.52,460.81,39857177.2,86559.42,direct,
47484,2025-03-25 05:00:00,86791.01,86423.22,86559.42,395.75,34280115.78,86678.73,direct,
47485,2025-03-25 06:00:00,86885.51,86547.16,86678.73,455.35,39483713.12,86559.78,direct,
47486,2025-03-25 07:00:00,86829.56,86348.96,86559.78,438.35,37940335.35,86453.39,direct,
47487,2025-03-25 08:00:00,86770.91,86425.16,86453.39,264.4,22903398.73,86732.81,direct,
47488,2025-03-25 09:00:00,87350.93,86663.16,86732.81,582.47,50720385.64,87243.34,direct,
47489,2025-03-25 10:00:00,87299.19,86970.53,87243.34,340.55,29670681.68,87148.13,direct,
47490,2025-03-25 11:00:00,87509.45,87075.79,87148.13,458.99,40096182.6,87388.73,direct,
47491,2025-03-25 12:00:00,87454.25,86953.16,87388.73,644.65,56213851.22,87095.92,direct,
47492,2025-03-25 13:00:00,87986.09,87067.13,87095.92,2193.35,192001921.32,87629.93,direct,
47493,2025-03-25 14:00:00,88248.52,87367.6,87629.93,2363.52,207612856.75,88043.98,direct,
47494,2025-03-25 15:00:00,88287.47,87746.06,88043.98,1770.95,155807839.5,87804.78,direct,
47495,2025-03-25 16:00:00,87992.79,87668.58,87804.78,1091.0,95801861.79,87832.21,direct,
47496,2025-03-25 17:00:00,88363.49,87832.21,87832.21,1796.14,158256121.72,87970.0,direct,
47497,2025-03-25 18:00:00,88081.22,87620.72,87970.0,954.91,83850228.8,87869.03,direct,
47498,2025-03-25 19:00:00,88308.82,87864.47,87869.03,1693.25,149116384.47,88164.21,direct,
47499,2025-03-25 20:00:00,88575.0,87862.5,88164.21,1741.56,153714933.04,87904.55,direct,
47500,2025-03-25 21:00:00,88252.78,87770.43,87904.55,862.68,75928560.5,87797.31,direct,
47501,2025-03-25 22:00:00,87851.73,87222.66,87797.31,1248.33,109350307.84,87504.34,direct,
47502,2025-03-25 23:00:00,87544.81,87178.86,87504.34,796.21,69567838.59,87439.7,direct,
47503,2025-03-26 00:00:00,87835.41,87267.02,87439.7,491.25,43024178.52,87675.59,direct,
47504,2025-03-26 01:00:00,87922.61,87607.27,87675.59,465.74,40889791.46,87869.22,direct,
47505,2025-03-26 02:00:00,87869.28,87339.77,87869.22,523.19,45826962.23,87359.81,direct,
47506,2025-03-26 03:00:00,87432.25,87067.39,87359.81,420.29,36657597.02,87178.28,direct,
47507,2025-03-26 04:00:00,87478.39,87090.8,87178.28,355.04,30987585.47,87353.64,direct,
47508,2025-03-26 05:00:00,87661.68,87253.87,87353.64,350.52,30657809.95,87552.47,direct,
47509,2025-03-26 06:00:00,87958.41,87483.73,87552.47,274.77,24093307.66,87934.76,direct,
47510,2025-03-26 07:00:00,88297.12,87791.39,87934.76,387.5,34130697.02,88173.12,direct,
47511,2025-03-26 08:00:00,88225.68,87918.33,88173.12,248.34,21863023.83,87990.33,direct,
47512,2025-03-26 09:00:00,88069.18,87863.56,87990.33,192.99,16975685.7,87964.34,direct,
47513,2025-03-26 10:00:00,88290.92,87964.32,87964.34,243.69,21484331.66,88247.14,direct,
47514,2025-03-26 11:00:00,88282.57,87976.27,88247.14,380.2,33514572.59,87996.71,direct,
47515,2025-03-26 12:00:00,88043.22,87626.25,87996.71,700.82,61565835.15,87827.72,direct,
47516,2025-03-26 13:00:00,87957.49,86754.14,87827.72,1860.65,162803800.7,86883.01,direct,
47517,2025-03-26 14:00:00,87319.07,86473.15,86883.01,2680.45,232750139.15,86793.0,direct,
47518,2025-03-26 15:00:00,87031.02,86584.34,86793.0,1590.71,138100262.44,86766.22,direct,
47519,2025-03-26 16:00:00,87062.11,86421.26,86766.22,1239.85,107518245.28,86528.34,direct,
47520,2025-03-26 17:00:00,86840.88,86496.39,86528.34,1015.91,87986926.13,86570.23,direct,
47521,2025-03-26 18:00:00,86759.07,86193.65,86570.23,853.57,73857075.63,86216.44,direct,
47522,2025-03-26 19:00:00,86791.58,85867.66,86216.44,1763.42,152180090.35,86577.81,direct,
47523,2025-03-26 20:00:00,87420.39,86527.38,86577.81,2209.82,192500153.98,87287.0,direct,
47524,2025-03-26 21:00:00,87307.23,86756.71,87287.0,487.36,42443290.83,87144.61,direct,
47525,2025-03-26 22:00:00,87148.94,86784.75,87144.61,408.02,35472591.14,86853.1,direct,
47526,2025-03-26 23:00:00,86955.65,86586.97,86853.1,513.25,44538893.68,86923.95,direct,
47527,2025-03-27 00:00:00,87319.8,86818.96,86923.95,577.24,50266628.88,87306.08,direct,
47528,2025-03-27 01:00:00,87534.67,87211.46,87306.08,423.74,37021326.51,87405.76,direct,
47529,2025-03-27 02:00:00,87779.02,87367.74,87405.76,483.37,42340927.28,87596.01,direct,
47530,2025-03-27 03:00:00,87701.08,87469.69,87596.01,339.94,29775029.63,87692.56,direct,
47531,2025-03-27 04:00:00,87717.17,87451.2,87692.56,185.61,16249161.28,87546.72,direct,
47532,2025-03-27 05:00:00,87546.73,87295.87,87546.72,182.13,15920243.32,87336.63,direct,
47533,2025-03-27 06:00:00,87568.73,87319.86,87336.63,145.54,12728004.26,87370.06,direct,
47534,2025-03-27 07:00:00,87449.1,87288.13,87370.06,170.65,14908180.72,87431.74,direct,
47535,2025-03-27 08:00:00,87608.99,87291.38,87431.74,315.95,27630711.67,87459.87,direct,
47536,2025-03-27 09:00:00,87551.32,87421.35,87459.87,234.5,20516913.29,87441.95,direct,
47537,2025-03-27 10:00:00,87602.42,87142.22,87441.95,262.0,22892868.49,87214.27,direct,
47538,2025-03-27 11:00:00,87329.84,86819.57,87214.27,344.7,29998405.43,86959.42,direct,
47539,2025-03-27 12:00:00,87119.46,86732.8,86959.42,471.66,41008207.21,86775.03,direct,
47540,2025-03-27 13:00:00,86868.33,85817.84,86775.03,2360.92,203512922.46,86381.13,direct,
47541,2025-03-27 14:00:00,87310.06,86195.43,86381.13,2625.08,227710926.24,87293.57,direct,
47542,2025-03-27 15:00:00,87575.11,86756.46,87293.57,2076.4,181101057.24,86960.25,direct,
47543,2025-03-27 16:00:00,87259.87,86798.27,86960.25,874.8,76132076.53,86823.33,direct,
47544,2025-03-27 17:00:00,87147.27,86784.13,86823.33,972.88,84581493.72,86893.18,direct,
47545,2025-03-27 18:00:00,87413.85,86865.57,86893.18,780.13,68000766.76,87193.19,direct,
47546,2025-03-27 19:00:00,87420.41,87015.83,87193.19,1437.68,125456996.66,87050.85,direct,
47547,2025-03-27 20:00:00,87339.28,86934.19,87050.85,528.04,46028356.91,87311.65,direct,
47548,2025-03-27 21:00:00,87713.63,87240.05,87311.65,572.73,50086206.04,87555.57,direct,
47549,2025-03-27 22:00:00,87589.96,87302.31,87555.57,245.42,21453173.38,87340.81,direct,
47550,2025-03-27 23:00:00,87353.57,87116.54,87340.81,357.41,31172310.56,87218.89,direct,
47551,2025-03-28 00:00:00,87385.48,86916.28,87218.89,502.09,43747741.82,87341.67,direct,
47552,2025-03-28 01:00:00,87492.39,87109.94,87341.67,397.69,34717968.74,87222.29,direct,
47553,2025-03-28 02:00:00,87314.87,86936.95,87222.29,527.66,45974707.29,86964.92,direct,
47554,2025-03-28 03:00:00,86997.14,86738.55,86964.92,710.7,61715498.77,86772.44,direct,
47555,2025-03-28 04:00:00,86813.23,85936.85,86772.44,1111.51,96049014.61,86290.56,direct,
47556,2025-03-28 05:00:00,86290.64,85806.63,86290.56,499.17,42938027.28,86040.04,direct,
47557,2025-03-28 06:00:00,86226.05,85647.03,86040.04,664.59,57117614.7,85696.68,direct,
47558,2025-03-28 07:00:00,85848.58,85131.56,85696.68,1059.39,90527867.63,85175.96,direct,
47559,2025-03-28 08:00:00,85404.74,85028.38,85175.96,772.02,65778345.49,85184.93,direct,
47560,2025-03-28 09:00:00,85377.51,84974.08,85184.93,603.99,51429987.89,85129.37,direct,
47561,2025-03-28 10:00:00,85230.9,84876.91,85129.37,501.15,42630749.75,84925.87,direct,
47562,2025-03-28 11:00:00,85226.09,84785.87,84925.87,690.51,58695211.73,85221.95,direct,
47563,2025-03-28 12:00:00,85524.25,84870.4,85221.95,1361.72,115919004.56,85016.29,direct,
47564,2025-03-28 13:00:00,85544.05,84895.58,85016.29,1900.51,161974157.83,84974.66,direct,
47565,2025-03-28 14:00:00,85081.81,84110.74,84974.66,3480.8,293750813.07,84127.16,direct,
47566,2025-03-28 15:00:00,84492.54,83910.88,84127.16,2259.02,190178338.48,84013.32,direct,
47567,2025-03-28 16:00:00,84158.41,83634.94,84013.32,1805.35,151474428.29,83750.32,direct,
47568,2025-03-28 17:00:00,83957.44,83544.63,83750.32,1234.24,103346357.39,83948.33,direct,
47569,2025-03-28 18:00:00,84120.17,83676.52,83948.33,1062.92,89175820.63,83827.88,direct,
47570,2025-03-28 19:00:00,83846.66,83590.9,83827.88,2015.52,168676735.05,83742.26,direct,
47571,2025-03-28 20:00:00,84102.64,83680.58,83742.26,1110.14,93072747.56,83767.07,direct,
47572,2025-03-28 21:00:00,84066.67,83674.42,83767.07,329.27,27618857.84,84007.8,direct,
47573,2025-03-28 22:00:00,84438.52,84007.8,84007.8,464.1,39086016.46,84436.82,direct,
47574,2025-03-28 23:00:00,84485.28,84174.38,84436.82,319.88,26971371.29,84387.01,direct,
47575,2025-03-29 00:00:00,84583.02,84330.44,84387.01,333.58,28170381.78,84365.62,direct,
47576,2025-03-29 01:00:00,84474.67,84192.0,84365.62,334.26,28181530.8,84257.56,direct,
47577,2025-03-29 02:00:00,84397.45,83814.31,84257.56,503.03,42344256.38,83837.07,direct,
47578,2025-03-29 03:00:00,84233.07,83692.55,83837.07,511.76,42965666.03,84151.58,direct,
47579,2025-03-29 04:00:00,84232.85,83951.14,84151.58,184.45,15506909.65,84048.77,direct,
47580,2025-03-29 05:00:00,84067.6,83835.18,84048.77,274.98,23084042.05,83993.23,direct,
47581,2025-03-29 06:00:00,83993.49,83654.53,83993.23,126.47,10595510.42,83769.58,direct,
47582,2025-03-29 07:00:00,83850.88,83640.96,83769.58,103.01,8628295.05,83711.05,direct,
47583,2025-03-29 08:00:00,83904.32,83651.65,83711.05,123.92,10382927.47,83893.93,direct,
47584,2025-03-29 09:00:00,83911.07,83233.83,83893.93,632.34,52780768.09,83518.0,direct,
47585,2025-03-29 10:00:00,83527.1,82793.49,83518.0,659.69,54840371.62,82890.14,direct,
47586,2025-03-29 11:00:00,83067.94,81985.66,82890.14,1178.07,97194343.67,82259.03,direct,
47587,2025-03-29 12:00:00,82476.51,82120.32,82259.03,632.21,52043692.04,82430.49,direct,
47588,2025-03-29 13:00:00,82830.31,82426.3,82430.49,525.51,43429742.66,82813.48,direct,
47589,2025-03-29 14:00:00,82854.1,82441.07,82813.48,454.84,37580493.6,82487.25,direct,
47590,2025-03-29 15:00:00,82602.44,82371.35,82487.25,350.03,28867858.23,82395.32,direct,
47591,2025-03-29 16:00:00,82652.34,82156.9,82395.32,718.99,59225699.42,82172.06,direct,
47592,2025-03-29 17:00:00,82587.6,81634.23,82172.06,1353.03,111014285.69,82318.83,direct,
47593,2025-03-29 18:00:00,82647.18,82207.6,82318.83,580.89,47883781.51,82333.33,direct,
47594,2025-03-29 19:00:00,82728.9,82190.15,82333.33,589.32,48530692.58,82728.2,direct,
47595,2025-03-29 20:00:00,82764.32,82414.18,82728.2,499.42,41248423.05,82486.37,direct,
47596,2025-03-29 21:00:00,82661.17,82346.17,82486.37,289.04,23849531.08,82496.22,direct,
47597,2025-03-29 22:00:00,82499.11,82246.16,82496.22,175.85,14492315.6,82382.37,direct,
47598,2025-03-29 23:00:00,82649.85,82323.22,82382.37,193.93,15993299.86,82625.65,direct,
47599,2025-03-30 00:00:00,82866.34,82489.94,82625.65,372.79,30820032.86,82780.42,direct,
47600,2025-03-30 01:00:00,83047.64,82753.69,82780.42,513.3,42570945.81,82925.41,direct,
47601,2025-03-30 02:00:00,83350.01,82908.28,82925.41,439.86,36586063.5,83303.68,direct,
47602,2025-03-30 03:00:00,83485.53,83042.37,83303.68,402.47,33520402.89,83077.75,direct,
47603,2025-03-30 04:00:00,83294.3,83068.97,83077.75,176.69,14695753.11,83100.4,direct,
47604,2025-03-30 05:00:00,83205.74,82921.11,83100.4,241.0,20044000.99,82951.89,direct,
47605,2025-03-30 06:00:00,83281.32,82857.54,82951.89,250.67,20816983.89,83173.35,direct,
47606,2025-03-30 07:00:00,83300.12,83060.42,83173.35,148.56,12357202.76,83066.34,direct,
47607,2025-03-30 08:00:00,83384.63,83066.17,83066.34,196.64,16380512.48,83364.37,direct,
47608,2025-03-30 09:00:00,83500.5,83248.84,83364.37,162.99,13592041.1,83483.2,direct,
47609,2025-03-30 10:00:00,83516.72,83054.06,83483.2,266.67,22189553.75,83109.39,direct,
47610,2025-03-30 11:00:00,83347.06,82972.45,83109.39,229.46,19077429.53,83100.15,direct,
47611,2025-03-30 12:00:00,83248.44,82974.93,83100.15,299.48,24881134.51,83053.16,direct,
47612,2025-03-30 13:00:00,83137.45,82571.55,83053.16,710.73,58843855.58,82675.08,direct,
47613,2025-03-30 14:00:00,83002.51,82609.08,82675.08,483.28,39999985.21,82784.98,direct,
47614,2025-03-30 15:00:00,83040.41,82701.36,82784.98,290.81,24093109.58,82711.21,direct,
47615,2025-03-30 16:00:00,82791.55,82165.44,82711.21,738.16,60861287.25,82272.42,direct,
47616,2025-03-30 17:00:00,82545.82,82038.3,82272.42,649.79,53511809.8,82391.04,direct,
47617,2025-03-30 18:00:00,82769.2,82390.77,82391.04,613.0,50652160.88,82710.3,direct,
47618,2025-03-30 19:00:00,82874.12,82540.51,82710.3,425.08,35141419.86,82540.98,direct,
47619,2025-03-30 20:00:00,82638.61,82387.15,82540.98,330.45,27291201.64,82547.21,direct,
47620,2025-03-30 21:00:00,82684.86,82064.91,82547.21,372.37,30701186.42,82244.42,direct,
47621,2025-03-30 22:00:00,82741.5,81563.47,82244.42,1040.19,85453808.34,82415.15,direct,
47622,2025-03-30 23:00:00,82427.37,81937.09,82415.15,797.14,65508387.32,82379.51,direct,
47623,2025-03-31 00:00:00,82445.15,81290.13,82379.51,1255.23,102650974.09,81632.27,direct,
47624,2025-03-31 01:00:00,82259.67,81546.91,81632.27,1113.14,91173096.42,81964.38,direct,
47625,2025-03-31 02:00:00,82163.22,81649.77,81964.38,726.11,59430307.09,81933.44,direct,
47626,2025-03-31 03:00:00,82030.17,81486.59,81933.44,654.23,53467198.22,81526.06,direct,
47627,2025-03-31 04:00:00,81864.83,81416.41,81526.06,280.68,22909538.44,81848.03,direct,
47628,2025-03-31 05:00:00,82295.59,81840.88,81848.03,280.23,23010300.43,82155.6,direct,
47629,2025-03-31 06:00:00,82250.77,81928.26,82155.6,297.73,24438577.47,82042.99,direct,
47630,2025-03-31 07:00:00,82288.81,81752.14,82042.99,402.48,32974271.82,81905.88,direct,
47631,2025-03-31 08:00:00,82254.91,81889.21,81905.88,304.69,25017892.7,81899.93,direct,
47632,2025-03-31 09:00:00,81963.89,81335.17,81899.93,406.18,33141573.54,81452.16,direct,
47633,2025-03-31 10:00:00,82212.94,81297.81,81452.16,547.34,44742825.35,82169.0,direct,
47634,2025-03-31 11:00:00,82266.35,81901.02,82169.0,467.1,38334554.25,82186.48,direct,
47635,2025-03-31 12:00:00,83146.29,81915.5,82186.48,1252.03,103314024.97,82786.43,direct,
47636,2025-03-31 13:00:00,82867.6,81651.54,82786.43,2593.4,213287713.12,82494.02,direct,
47637,2025-03-31 14:00:00,83742.08,82490.14,82494.02,3336.32,277573564.0,83493.61,direct,
47638,2025-03-31 15:00:00,83917.4,83398.99,83493.61,1536.41,128467412.27,83419.41,direct,
47639,2025-03-31 16:00:00,83692.01,83252.88,83419.41,987.89,82410361.41,83294.15,direct,
47640,2025-03-31 17:00:00,83538.76,82571.01,83294.15,1214.95,100893810.06,82682.07,direct,
47641,2025-03-31 18:00:00,83557.75,82674.35,82682.07,1173.67,97707905.26,83290.88,direct,
47642,2025-03-31 19:00:00,83429.22,82383.02,83290.88,1827.52,151511568.4,82436.23,direct,
47643,2025-03-31 20:00:00,82833.26,82353.5,82436.23,798.56,65961678.42,82424.27,direct,
47644,2025-03-31 21:00:00,82727.74,82408.86,82424.27,707.84,58454718.22,82548.34,direct,
47645,2025-03-31 22:00:00,82554.34,82253.78,82548.34,302.65,24926245.62,82388.0,direct,
47646,2025-03-31 23:00:00,82846.65,82277.45,82388.0,471.09,38866305.03,82539.52,direct,
47647,2025-04-01 00:00:00,82801.8,82419.98,82539.52,519.54,42929844.27,82638.92,direct,
47648,2025-04-01 01:00:00,82724.22,82448.52,82638.92,466.79,38557035.9,82689.83,direct,
47649,2025-04-01 02:00:00,83088.58,82640.27,82689.83,524.78,43500560.55,83081.38,direct,
47650,2025-04-01 03:00:00,83231.93,82922.61,83081.38,416.76,34630204.6,82952.06,direct,
47651,2025-04-01 04:00:00,83219.98,82881.57,82952.06,185.02,15366261.04,83057.25,direct,
47652,2025-04-01 05:00:00,83312.61,82987.55,83057.25,204.81,17036030.31,82995.97,direct,
47653,2025-04-01 06:00:00,83491.73,82886.49,82995.97,411.03,34195666.99,83452.84,direct,
47654,2025-04-01 07:00:00,83590.21,83384.33,83452.84,293.85,24532261.13,83458.12,direct,
47655,2025-04-01 08:00:00,84199.92,83429.45,83458.12,885.34,74301056.61,84111.91,direct,
47656,2025-04-01 09:00:00,84387.67,84108.78,84111.91,445.71,37554796.33,84350.12,direct,
47657,2025-04-01 10:00:00,84502.82,84160.71,84350.12,711.0,59948544.0,84182.42,direct,
47658,2025-04-01 11:00:00,84204.93,83837.8,84182.42,540.14,45382562.25,83921.77,direct,
47659,2025-04-01 12:00:00,84144.89,83610.49,83921.77,535.83,44948438.86,83612.16,direct,
47660,2025-04-01 13:00:00,83883.96,83402.02,83612.16,1598.56,133740855.41,83673.03,direct,
47661,2025-04-01 14:00:00,84340.72,82512.89,83673.03,4168.85,347214543.65,84197.53,direct,
47662,2025-04-01 15:00:00,85509.24,84181.84,84197.53,3792.34,322062222.01,85288.63,direct,
47663,2025-04-01 16:00:00,85492.53,84832.45,85288.63,1940.86,165223863.9,85124.0,direct,
47664,2025-04-01 17:00:00,85330.73,84912.34,85124.0,1201.13,102238648.82,85121.34,direct,
47665,2025-04-01 18:00:00,85174.92,84719.35,85121.34,1032.86,87726658.4,85119.51,direct,
47666,2025-04-01 19:00:00,85176.59,84806.22,85119.51,1150.51,97814228.44,84955.09,direct,
47667,2025-04-01 20:00:00,85342.71,84774.81,84955.09,726.04,61760537.77,85245.5,direct,
47668,2025-04-01 21:00:00,85472.65,85139.64,85245.5,487.94,41606562.82,85216.36,direct,
47669,2025-04-01 22:00:00,85464.62,85089.94,85216.36,523.06,44599082.2,85100.36,direct,
47670,2025-04-01 23:00:00,85554.98,84983.0,85100.36,533.61,45485596.32,85174.96,direct,
47671,2025-04-02 00:00:00,85257.28,84931.95,85174.96,580.11,49371738.86,84966.68,direct,
47672,2025-04-02 01:00:00,85209.85,84863.47,84966.68,480.77,40867772.65,85157.84,direct,
47673,2025-04-02 02:00:00,85166.82,84649.62,85157.84,645.02,54702855.87,84724.25,direct,
47674,2025-04-02 03:00:00,84907.96,84511.96,84724.25,501.8,42507771.33,84555.07,direct,
47675,2025-04-02 04:00:00,84727.13,84314.68,84555.07,472.07,39858930.37,84608.83,direct,
47676,2025-04-02 05:00:00,84608.86,84109.55,84608.83,350.28,29523378.05,84109.76,direct,
47677,2025-04-02 06:00:00,84351.78,83917.91,84109.76,545.12,45843153.64,84132.96,direct,
47678,2025-04-02 07:00:00,84459.7,84013.23,84132.96,414.0,34883915.26,84427.45,direct,
47679,2025-04-02 08:00:00,84747.91,84273.48,84427.45,562.86,47585692.15,84673.35,direct,
47680,2025-04-02 09:00:00,85432.83,84643.62,84673.35,597.61,50837170.2,85022.02,direct,
47681,2025-04-02 10:00:00,85296.71,84839.57,85022.02,431.11,36642294.23,84860.76,direct,
47682,2025-04-02 11:00:00,84971.56,84548.02,84860.76,329.32,27915702.8,84564.82,direct,
47683,2025-04-02 12:00:00,85057.22,84476.68,84564.82,865.11,73321633.06,85050.98,direct,
47684,2025-04-02 13:00:00,86099.08,84484.2,85050.98,2775.8,237084528.05,85255.38,direct,
47685,2025-04-02 14:00:00,85966.47,85224.91,85255.38,2419.5,207236490.26,85876.35,direct,
47686,2025-04-02 15:00:00,87370.2,85823.05,85876.35,5117.91,444135692.07,86777.89,direct,
47687,2025-04-02 16:00:00,87230.46,86603.79,86777.89,1472.59,128043218.91,87060.58,direct,
47688,2025-04-02 17:00:00,87323.06,86356.7,87060.58,1717.39,149163415.18,86623.64,direct,
47689,2025-04-02 18:00:00,86732.69,86218.03,86623.64,1369.86,118451354.62,86287.73,direct,
47690,2025-04-02 19:00:00,87009.03,86190.16,86287.73,1631.09,141023553.47,86925.72,direct,
47691,2025-04-02 20:00:00,88505.24,85214.92,86925.72,8964.98,774840353.0,85644.77,direct,
47692,2025-04-02 21:00:00,85722.46,84030.18,85644.77,3200.38,270843425.37,84847.38,direct,
47693,2025-04-02 22:00:00,84847.38,82654.33,84847.38,3290.26,275061124.24,82793.98,direct,
47694,2025-04-02 23:00:00,82794.59,82299.2,82793.98,2425.12,200169056.75,82490.58,direct,
47695,2025-04-03 00:00:00,83388.18,82153.71,82490.58,1685.41,139712646.22,83206.03,direct,
47696,2025-04-03 01:00:00,83928.41,83089.07,83206.03,1212.71,101247619.05,83756.9,direct,
47697,2025-04-03 02:00:00,83879.27,83263.47,83756.9,921.12,76985678.55,83757.43,direct,
47698,2025-04-03 03:00:00,83765.07,83350.24,83757.43,472.5,39468240.07,83478.66,direct,
47699,2025-04-03 04:00:00,83730.92,83276.95,83478.66,361.2,30157144.47,83557.34,direct,
47700,2025-04-03 05:00:00,83693.56,83336.46,83557.34,319.65,26686101.42,83337.9,direct,
47701,2025-04-03 06:00:00,83402.63,83009.08,83337.9,400.57,33348806.69,83051.04,direct,
47702,2025-04-03 07:00:00,83482.72,82999.03,83051.04,382.56,31830615.79,83456.24,direct,
47703,2025-04-03 08:00:00,83769.81,83449.9,83456.24,602.46,50383125.58,83687.33,direct,
47704,2025-04-03 09:00:00,83754.26,83445.29,83687.33,334.51,27979254.45,83473.34,direct,
47705,2025-04-03 10:00:00,83734.32,83151.21,83473.34,748.28,62447986.06,83222.53,direct,
47706,2025-04-03 11:00:00,83335.14,83025.26,83222.53,482.6,40128114.79,83071.09,direct,
47707,2025-04-03 12:00:00,83123.75,81852.26,83071.09,2091.24,172221401.24,81927.07,direct,
47708,2025-04-03 13:00:00,82737.84,81760.43,81927.07,3421.63,281162514.19,82328.66,direct,
47709,2025-04-03 14:00:00,82360.17,81271.92,82328.66,3963.4,324464713.27,81489.49,direct,
47710,2025-04-03 15:00:00,82052.56,81178.57,81489.49,2514.29,205315453.29,82008.33,direct,
47711,2025-04-03 16:00:00,82423.73,81690.42,82008.33,1784.51,146413598.52,81791.24,direct,
47712,2025-04-03 17:00:00,82129.1,81599.16,81791.24,1176.49,96275613.36,81796.3,direct,
47713,2025-04-03 18:00:00,82258.48,81500.72,81796.3,1452.45,118791797.94,82055.98,direct,
47714,2025-04-03 19:00:00,82302.7,81776.81,82055.98,1451.77,119082351.43,81943.13,direct,
47715,2025-04-03 20:00:00,82381.8,81758.71,81943.13,615.97,50501420.29,82317.97,direct,
47716,2025-04-03 21:00:00,82816.22,82289.1,82317.97,665.82,54935336.74,82689.6,direct,
47717,2025-04-03 22:00:00,82839.2,82567.75,82689.6,504.99,41775197.16,82701.74,direct,
47718,2025-04-03 23:00:00,83283.37,82469.68,82701.74,774.33,64147577.84,83158.8,direct,
47719,2025-04-04 00:00:00,83378.45,82966.04,83158.8,776.97,64615199.45,83011.79,direct,
47720,2025-04-04 01:00:00,83310.66,82568.71,83011.79,743.9,61737318.79,82666.61,direct,
47721,2025-04-04 02:00:00,83157.86,82666.61,82666.61,462.02,38313743.05,82877.44,direct,
47722,2025-04-04 03:00:00,83028.67,82666.63,82877.44,371.55,30768938.04,82791.21,direct,
47723,2025-04-04 04:00:00,82891.8,82584.07,82791.21,384.86,31844429.27,82694.98,direct,
47724,2025-04-04 05:00:00,83178.59,82617.48,82694.98,333.29,27653511.79,83170.47,direct,
47725,2025-04-04 06:00:00,83228.24,83015.52,83170.47,298.59,24826341.98,83026.71,direct,
47726,2025-04-04 07:00:00,83995.21,83026.7,83026.71,750.49,62762532.5,83982.6,direct,
47727,2025-04-04 08:00:00,84636.97,83982.6,83982.6,1029.17,86841268.75,84408.27,direct,
47728,2025-04-04 09:00:00,84716.02,84127.61,84408.27,608.67,51394388.74,84577.23,direct,
47729,2025-04-04 10:00:00,84687.87,82413.17,84577.23,2590.9,215624736.9,82558.3,direct,
47730,2025-04-04 11:00:00,82758.95,81648.68,82558.3,1943.75,159726124.98,82663.6,direct,
47731,2025-04-04 12:00:00,83071.78,82190.85,82663.6,3659.51,302206869.56,82841.01,direct,
47732,2025-04-04 13:00:00,83457.93,82104.43,82841.01,3846.06,318057306.53,83321.56,direct,
47733,2025-04-04 14:00:00,83472.75,81797.08,83321.56,4359.96,360017725.08,82531.85,direct,
47734,2025-04-04 15:00:00,83672.01,82433.72,82531.85,3787.24,314889018.97,82824.23,direct,
47735,2025-04-04 16:00:00,83511.44,82696.26,82824.23,2524.52,209872354.07,83350.05,direct,
47736,2025-04-04 17:00:00,84578.91,82909.28,83350.05,2830.78,237172168.47,84429.62,direct,
47737,2025-04-04 18:00:00,84556.5,83705.02,84429.62,1985.86,166845255.79,83948.4,direct,
47738,2025-04-04 19:00:00,84427.47,83751.28,83948.4,1696.46,142699078.28,83976.37,direct,
47739,2025-04-04 20:00:00,84247.82,83458.27,83976.37,1022.44,85783364.7,84129.5,direct,
47740,2025-04-04 21:00:00,84415.43,83910.49,84129.5,481.1,40490932.39,84154.73,direct,
47741,2025-04-04 22:00:00,84238.44,83995.53,84154.73,238.1,20022692.65,84031.05,direct,
47742,2025-04-04 23:00:00,84074.35,83617.39,84031.05,378.43,31720440.34,83860.21,direct,
47743,2025-04-05 00:00:00,83860.22,83405.94,83860.21,435.01,36381191.95,83759.96,direct,
47744,2025-04-05 01:00:00,84230.44,83759.94,83759.96,483.21,40599774.82,83952.58,direct,
47745,2025-04-05 02:00:00,84061.34,83778.4,83952.58,360.79,30279388.52,83941.86,direct,
47746,2025-04-05 03:00:00,83945.05,83603.44,83941.86,293.62,24589263.81,83606.04,direct,
47747,2025-04-05 04:00:00,83836.41,83587.82,83606.04,212.94,17824685.28,83658.47,direct,
47748,2025-04-05 05:00:00,83833.68,83610.8,83658.47,111.41,9329034.69,83665.45,direct,
47749,2025-04-05 06:00:00,83697.99,83311.8,83665.45,245.89,20526484.38,83446.51,direct,
47750,2025-04-05 07:00:00,83529.95,83340.61,83446.51,139.4,11628143.07,83491.28,direct,
47751,2025-04-05 08:00:00,83617.07,83342.13,83491.28,156.66,13080411.25,83492.38,direct,
47752,2025-04-05 09:00:00,83821.27,83488.21,83492.38,196.46,16439064.1,83805.77,direct,
47753,2025-04-05 10:00:00,83867.46,83557.52,83805.77,115.19,9640734.55,83621.0,direct,
47754,2025-04-05 11:00:00,83667.8,83422.13,83621.0,259.19,21665577.15,83435.51,direct,
47755,2025-04-05 12:00:00,83531.77,83108.44,83435.51,310.4,25859659.14,83253.26,direct,
47756,2025-04-05 13:00:00,83309.9,82510.56,83253.26,733.94,60765907.88,82728.19,direct,
47757,2025-04-05 14:00:00,82995.26,82653.31,82728.19,530.29,43933655.29,82892.49,direct,
47758,2025-04-05 15:00:00,82892.52,82357.52,82892.49,638.75,52768619.82,82587.24,direct,
47759,2025-04-05 16:00:00,82793.39,82576.62,82587.24,277.7,22961328.88,82716.18,direct,
47760,2025-04-05 17:00:00,82920.89,82659.67,82716.18,238.45,19749401.97,82844.95,direct,
47761,2025-04-05 18:00:00,83075.45,82829.18,82844.95,329.54,27343101.28,83016.22,direct,
47762,2025-04-05 19:00:00,83111.88,82755.34,83016.22,241.74,20050350.9,82828.87,direct,
47763,2025-04-05 20:00:00,83083.46,82809.81,82828.87,285.79,23711467.73,83048.21,direct,
47764,2025-04-05 21:00:00,83196.78,82883.61,83048.21,298.26,24770901.66,82892.85,direct,
47765,2025-04-05 22:00:00,83181.58,82892.85,82892.85,227.24,18871758.46,83161.46,direct,
47766,2025-04-05 23:00:00,83631.71,83115.38,83161.46,356.79,29727082.83,83503.37,direct,
47767,2025-04-06 00:00:00,83578.18,83401.04,83503.37,323.54,27005029.1,83495.06,direct,
47768,2025-04-06 01:00:00,83756.1,83405.08,83495.06,315.62,26366155.62,83408.72,direct,
47769,2025-04-06 02:00:00,83464.41,83256.45,83408.72,179.94,15002410.38,83273.6,direct,
47770,2025-04-06 03:00:00,83372.02,83149.72,83273.6,199.42,16602782.14,83314.41,direct,
47771,2025-04-06 04:00:00,83474.05,83213.43,83314.41,142.93,11911721.7,83472.45,direct,
47772,2025-04-06 05:00:00,83502.86,83310.57,83472.45,129.14,10775569.01,83423.04,direct,
47773,2025-04-06 06:00:00,83436.42,83096.08,83423.04,140.44,11691077.33,83096.09,direct,
47774,2025-04-06 07:00:00,83160.36,82998.08,83096.09,204.02,16945121.9,82998.08,direct,
47775,2025-04-06 08:00:00,83009.1,82691.63,82998.08,222.24,18415924.2,82991.19,direct,
47776,2025-04-06 09:00:00,83123.27,82897.49,82991.19,96.68,8025495.38,83029.75,direct,
47777,2025-04-06 10:00:00,83033.08,82685.84,83029.75,231.76,19190462.39,82823.17,direct,
47778,2025-04-06 11:00:00,82869.26,82630.06,82823.17,167.9,13887746.07,82804.66,direct,
47779,2025-04-06 12:00:00,82929.31,82611.6,82804.66,359.09,29719677.15,82655.27,direct,
47780,2025-04-06 13:00:00,82787.77,82204.71,82655.27,682.26,56273014.66,82271.45,direct,
47781,2025-04-06 14:00:00,82739.33,82201.74,82271.45,664.38,54771750.91,82628.33,direct,
47782,2025-04-06 15:00:00,82779.63,82374.31,82628.33,412.73,34072432.13,82523.93,direct,
47783,2025-04-06 16:00:00,82527.08,81913.18,82523.93,781.11,64202428.46,81949.5,direct,
47784,2025-04-06 17:00:00,81949.5,80546.74,81949.5,2847.08,231285194.59,80776.23,direct,
47785,2025-04-06 18:00:00,80776.58,78638.47,80776.23,5216.2,415622025.29,79034.88,direct,
47786,2025-04-06 19:00:00,79790.87,78794.63,79034.88,2668.92,211848206.91,79580.74,direct,
47787,2025-04-06 20:00:00,79839.26,78529.32,79580.74,2494.93,197424649.59,78816.47,direct,
47788,2025-04-06 21:00:00,79611.73,78683.98,78816.47,1823.1,144233302.73,78903.5,direct,
47789,2025-04-06 22:00:00,79055.58,77752.8,78903.5,5612.03,440905762.71,77979.07,direct,
47790,2025-04-06 23:00:00,78611.37,77079.93,77979.07,3838.42,298454041.84,78365.57,direct,
47791,2025-04-07 00:00:00,78451.02,77364.78,78365.57,2479.2,193117001.14,78273.81,direct,
47792,2025-04-07 01:00:00,79295.22,78265.68,78273.81,2498.46,196938451.49,79098.39,direct,
47793,2025-04-07 02:00:00,79163.29,78342.84,79098.39,1254.26,98749946.64,78390.1,direct,
47794,2025-04-07 03:00:00,78450.66,77312.99,78390.1,1487.98,115948127.61,77660.75,direct,
47795,2025-04-07 04:00:00,77922.49,76604.62,77660.75,2070.29,159533019.77,76922.3,direct,
47796,2025-04-07 05:00:00,77440.51,76598.4,76922.3,1385.59,106671806.78,76878.01,direct,
47797,2025-04-07 06:00:00,77217.69,74495.83,76878.01,4632.53,349707929.64,74721.88,direct,
47798,2025-04-07 07:00:00,75382.06,74426.93,74721.88,2524.37,189212968.88,75041.85,direct,
47799,2025-04-07 08:00:00,76769.01,75016.55,75041.85,2002.15,152285563.03,76205.52,direct,
47800,2025-04-07 09:00:00,76740.21,75705.75,76205.52,1565.19,119315568.32,76232.41,direct,
47801,2025-04-07 10:00:00,77514.33,76108.2,76232.41,2168.11,167036635.8,76946.74,direct,
47802,2025-04-07 11:00:00,77352.57,76400.44,76946.74,1078.26,82893047.39,76641.56,direct,
47803,2025-04-07 12:00:00,77592.32,76371.91,76641.56,3137.38,241675816.15,77277.26,direct,
47804,2025-04-07 13:00:00,78419.93,75747.25,77277.26,6129.04,471297537.82,78308.67,direct,
47805,2025-04-07 14:00:00,81172.27,77853.67,78308.67,12421.92,981994455.81,79002.31,direct,
47806,2025-04-07 15:00:00,79323.77,77553.43,79002.31,6090.66,477606597.18,78441.21,direct,
47807,2025-04-07 16:00:00,78536.04,77278.3,78441.21,3837.76,299610241.03,77387.56,direct,
47808,2025-04-07 17:00:00,79152.31,77385.36,77387.56,4016.77,315003344.92,79031.6,direct,
47809,2025-04-07 18:00:00,79320.21,78250.63,79031.6,3091.33,243690140.84,78453.57,direct,
47810,2025-04-07 19:00:00,78914.35,77983.15,78453.57,3081.31,241552994.33,78080.64,direct,
47811,2025-04-07 20:00:00,79093.12,78064.4,78080.64,1513.92,119060787.81,78916.62,direct,
47812,2025-04-07 21:00:00,79538.54,78652.91,78916.62,822.81,65079714.28,79197.9,direct,
47813,2025-04-07 22:00:00,80186.51,79149.63,79197.9,936.95,74700919.56,79937.41,direct,
47814,2025-04-07 23:00:00,80058.86,79071.1,79937.41,1053.47,83817166.89,79143.06,direct,
47815,2025-04-08 00:00:00,79567.07,78972.11,79143.06,1198.68,95024518.98,78997.87,direct,
47816,2025-04-08 01:00:00,80768.52,78760.03,78997.87,1849.01,147636641.49,80578.08,direct,
47817,2025-04-08 02:00:00,80835.83,79875.56,80578.08,1173.33,94315913.87,79919.35,direct,
47818,2025-04-08 03:00:00,80179.69,79742.33,79919.35,833.74,66655678.78,79887.67,direct,
47819,2025-04-08 04:00:00,80386.32,79842.44,79887.67,514.58,41229400.86,80280.45,direct,
47820,2025-04-08 05:00:00,80289.69,79515.89,80280.45,478.3,38144061.98,79847.59,direct,
47821,2025-04-08 06:00:00,79847.94,79242.73,79847.59,511.47,40653909.76,79432.04,direct,
47822,2025-04-08 07:00:00,79679.57,79205.45,79432.04,664.85,52805165.08,79465.46,direct,
47823,2025-04-08 08:00:00,79490.13,78921.1,79465.46,612.5,48460918.43,79137.34,direct,
47824,2025-04-08 09:00:00,79190.24,78843.78,79137.34,504.2,39837905.08,78885.04,direct,
47825,2025-04-08 10:00:00,79145.02,78804.12,78885.04,504.71,39861497.94,78982.59,direct,
47826,2025-04-08 11:00:00,80036.41,78954.04,78982.59,1032.66,82076989.37,79955.85,direct,
47827,2025-04-08 12:00:00,80102.82,79552.15,79955.85,1257.2,100375285.76,79809.07,direct,
47828,2025-04-08 13:00:00,80342.34,79350.99,79809.07,2976.07,237785738.79,79869.22,direct,
47829,2025-04-08 14:00:00,80226.89,78440.68,79869.22,3424.81,272078493.28,78445.98,direct,
47830,2025-04-08 15:00:00,78819.27,78142.92,78445.98,2518.54,197503697.79,78469.21,direct,
47831,2025-04-08 16:00:00,78488.71,77302.69,78469.21,3381.2,263001512.2,77359.75,direct,
47832,2025-04-08 17:00:00,77498.66,76493.86,77359.75,4773.81,367455456.94,77287.07,direct,
47833,2025-04-08 18:00:00,77929.31,77029.06,77287.07,2645.39,204762824.92,77195.98,direct,
47834,2025-04-08 19:00:00,77299.35,76251.65,77195.98,3831.33,293820095.37,76754.35,direct,
47835,2025-04-08 20:00:00,77137.56,76538.65,76754.35,1613.85,123983429.69,77052.55,direct,
47836,2025-04-08 21:00:00,77208.4,76667.2,77052.55,705.89,54315445.14,77034.08,direct,
47837,2025-04-08 22:00:00,77060.33,76181.24,77034.08,1248.37,95607154.2,76656.0,direct,
47838,2025-04-08 23:00:00,76722.72,76232.41,76656.0,1143.33,87369085.17,76255.1,direct,
47839,2025-04-09 00:00:00,76791.81,75857.08,76255.1,2067.93,158035620.17,76449.62,direct,
47840,2025-04-09 01:00:00,76527.88,74569.86,76449.62,4539.74,342203880.3,76020.76,direct,
47841,2025-04-09 02:00:00,76378.69,75508.31,76020.76,1904.89,144682707.82,75601.38,direct,
47842,2025-04-09 03:00:00,75802.68,74960.63,75601.38,1539.61,116199815.37,75010.1,direct,
47843,2025-04-09 04:00:00,76834.93,74934.14,75010.1,1710.26,129742025.74,76359.79,direct,
47844,2025-04-09 05:00:00,76791.11,76155.92,76359.79,739.83,56604550.09,76673.91,direct,
47845,2025-04-09 06:00:00,77277.99,76659.28,76673.91,806.08,62024908.88,76779.42,direct,
47846,2025-04-09 07:00:00,77906.94,76769.88,76779.42,2113.91,163857144.65,77663.26,direct,
47847,2025-04-09 08:00:00,77840.39,77046.05,77663.26,676.7,52327690.76,77261.15,direct,
47848,2025-04-09 09:00:00,77506.5,77135.11,77261.15,766.8,59271921.43,77445.83,direct,
47849,2025-04-09 10:00:00,77527.18,76913.43,77445.83,792.42,61219921.55,77136.99,direct,
47850,2025-04-09 11:00:00,77148.2,75737.14,77136.99,3137.63,239362133.74,76197.51,direct,
47851,2025-04-09 12:00:00,77009.27,75992.9,76197.51,1983.87,151600458.76,76714.89,direct,
47852,2025-04-09 13:00:00,77789.74,76661.51,76714.89,3270.74,252527296.66,77639.7,direct,
47853,2025-04-09 14:00:00,78250.45,76723.07,77639.7,3865.21,299617590.59,76796.58,direct,
47854,2025-04-09 15:00:00,77568.88,76772.36,76796.58,2047.93,158194037.74,77193.51,direct,
47855,2025-04-09 16:00:00,78286.49,77070.85,77193.51,2099.8,163230654.98,78206.19,direct,
47856,2025-04-09 17:00:00,82261.0,77614.68,78206.19,11649.18,937772288.18,82183.66,direct,
47857,2025-04-09 18:00:00,82977.63,81666.34,82183.66,6651.41,547561395.57,81759.01,direct,
47858,2025-04-09 19:00:00,82556.33,81730.53,81759.01,3629.24,298395629.95,82297.85,direct,
47859,2025-04-09 20:00:00,83231.74,81993.13,82297.85,2670.14,220381011.22,83179.24,direct,
47860,2025-04-09 21:00:00,83574.06,82843.08,83179.24,1954.02,162646992.63,83271.71,direct,
47861,2025-04-09 22:00:00,83469.48,82946.73,83271.71,1167.28,97170000.98,83045.92,direct,
47862,2025-04-09 23:00:00,83145.68,82522.02,83045.92,1068.55,88503180.6,82587.03,direct,
47863,2025-04-10 00:00:00,82710.13,82040.98,82587.03,1243.99,102424144.48,82314.05,direct,
47864,2025-04-10 01:00:00,82565.38,82197.45,82314.05,876.59,72231463.47,82217.46,direct,
47865,2025-04-10 02:00:00,82532.4,82171.94,82217.46,698.87,57549891.87,82177.19,direct,
47866,2025-04-10 03:00:00,82196.35,81449.58,82177.19,1192.55,97463891.91,81739.3,direct,
47867,2025-04-10 04:00:00,82037.95,81624.17,81739.3,473.29,38718309.68,81990.38,direct,
47868,2025-04-10 05:00:00,82205.57,81901.1,81990.38,375.94,30860835.65,82141.29,direct,
47869,2025-04-10 06:00:00,82313.33,81820.72,82141.29,318.09,26097731.06,82129.15,direct,
47870,2025-04-10 07:00:00,82209.37,81285.59,82129.15,556.17,45422988.14,81576.06,direct,
47871,2025-04-10 08:00:00,81811.63,81413.68,81576.06,372.99,30440829.39,81523.06,direct,
47872,2025-04-10 09:00:00,82056.86,81326.52,81523.06,469.54,38376385.71,82017.47,direct,
47873,2025-04-10 10:00:00,82100.12,81528.49,82017.47,721.57,59053709.57,81721.94,direct,
47874,2025-04-10 11:00:00,81892.18,81461.06,81721.94,537.94,43974983.84,81834.77,direct,
47875,2025-04-10 12:00:00,82374.98,81422.58,81834.77,2621.27,214548510.53,81666.68,direct,
47876,2025-04-10 13:00:00,81896.92,80730.7,81666.68,2666.35,216759445.37,80817.49,direct,
47877,2025-04-10 14:00:00,81778.83,80579.97,80817.49,2509.98,203830539.61,81216.15,direct,
47878,2025-04-10 15:00:00,81286.17,78573.22,81216.15,3663.93,292091430.78,78699.84,direct,
47879,2025-04-10 16:00:00,79620.95,78405.82,78699.84,3035.68,239675993.0,79397.93,direct,
47880,2025-04-10 17:00:00,79616.74,78557.66,79397.93,3105.99,245584765.85,79272.56,direct,
47881,2025-04-10 18:00:00,79830.87,79168.1,79272.56,1841.86,146445763.28,79444.62,direct,
47882,2025-04-10 19:00:00,79972.93,79257.29,79444.62,1955.94,155562710.55,79583.24,direct,
47883,2025-04-10 20:00:00,79898.86,79521.5,79583.24,725.13,57810431.13,79861.06,direct,
47884,2025-04-10 21:00:00,79987.84,79638.23,79861.06,386.42,30834417.91,79672.22,direct,
47885,2025-04-10 22:00:00,79871.34,79509.23,79672.22,354.29,28244929.53,79652.04,direct,
47886,2025-04-10 23:00:00,79696.6,79340.02,79652.04,657.76,52313718.72,79554.96,direct,
47887,2025-04-11 00:00:00,79701.89,78924.27,79554.96,1262.72,100251602.32,78992.44,direct,
47888,2025-04-11 01:00:00,80401.76,78966.12,78992.44,1455.38,116080104.76,80393.12,direct,
47889,2025-04-11 02:00:00,80773.61,80115.68,80393.12,1313.41,105651167.17,80249.81,direct,
47890,2025-04-11 03:00:00,80852.44,80246.7,80249.81,750.38,60459740.36,80796.68,direct,
47891,2025-04-11 04:00:00,81050.83,80681.11,80796.68,539.01,43572505.52,80849.9,direct,
47892,2025-04-11 05:00:00,80864.24,80473.34,80849.9,408.38,32935718.79,80776.92,direct,
47893,2025-04-11 06:00:00,81278.29,80776.66,80776.92,449.19,36412406.24,81054.1,direct,
47894,2025-04-11 07:00:00,81389.54,80813.4,81054.1,381.36,30952803.17,81223.91,direct,
47895,2025-04-11 08:00:00,81852.62,80750.79,81223.91,1232.98,100341809.9,81577.81,direct,
47896,2025-04-11 09:00:00,82394.47,81403.43,81577.81,882.4,72348875.81,82389.64,direct,
47897,2025-04-11 10:00:00,82941.41,82261.48,82389.64,1065.48,88000833.9,82667.22,direct,
47898,2025-04-11 11:00:00,82856.96,81981.35,82667.22,867.74,71483613.66,82084.09,direct,
47899,2025-04-11 12:00:00,82474.19,81790.78,82084.09,1363.2,111974847.87,82072.63,direct,
47900,2025-04-11 13:00:00,83286.91,81790.89,82072.63,2499.68,206404344.63,82897.25,direct,
47901,2025-04-11 14:00:00,82897.25,81298.65,82897.25,3128.26,256849954.0,81851.41,direct,
47902,2025-04-11 15:00:00,82656.47,81672.52,81851.41,1876.75,154218629.98,82478.04,direct,
47903,2025-04-11 16:00:00,82984.32,81972.68,82478.04,1645.86,135896479.48,82757.55,direct,
47904,2025-04-11 17:00:00,84013.16,82661.49,82757.55,2672.37,222967934.6,83903.15,direct,
47905,2025-04-11 18:00:00,84183.69,83489.06,83903.15,1827.28,153285202.5,83583.63,direct,
47906,2025-04-11 19:00:00,83931.43,83539.88,83583.63,1221.97,102384171.48,83829.42,direct,
47907,2025-04-11 20:00:00,83997.21,83682.65,83829.42,753.49,63184149.07,83825.26,direct,
47908,2025-04-11 21:00:00,84266.51,83615.13,83825.26,848.93,71210393.13,83642.18,direct,
47909,2025-04-11 22:00:00,83673.51,83282.53,83642.18,434.92,36299461.31,83385.58,direct,
47910,2025-04-11 23:00:00,83524.43,83126.28,83385.58,468.36,39020208.75,83386.0,direct,
47911,2025-04-12 00:00:00,83526.44,83221.59,83386.0,630.8,52587282.96,83334.44,direct,
47912,2025-04-12 01:00:00,83411.01,83125.26,83334.44,404.87,33697904.69,83180.8,direct,
47913,2025-04-12 02:00:00,83265.4,82784.05,83180.8,475.64,39516629.75,82784.05,direct,
47914,2025-04-12 03:00:00,83110.2,82766.93,82784.05,397.92,33011934.3,82950.65,direct,
47915,2025-04-12 04:00:00,83410.07,82838.7,82950.65,451.33,37514333.46,83178.44,direct,
47916,2025-04-12 05:00:00,83465.67,83166.92,83178.44,161.18,13432829.88,83301.6,direct,
47917,2025-04-12 06:00:00,83742.72,83301.58,83301.6,274.68,22949957.28,83537.49,direct,
47918,2025-04-12 07:00:00,83786.64,83470.74,83537.49,237.32,19845823.36,83694.56,direct,
47919,2025-04-12 08:00:00,83988.23,83468.55,83694.56,313.97,26277055.71,83579.54,direct,
47920,2025-04-12 09:00:00,83739.92,83401.89,83579.54,204.38,17067116.71,83527.18,direct,
47921,2025-04-12 10:00:00,83529.05,83275.67,83527.18,245.61,20478900.47,83393.82,direct,
47922,2025-04-12 11:00:00,83609.57,83393.81,83393.82,205.92,17193973.34,83497.91,direct,
47923,2025-04-12 12:00:00,83888.26,83448.22,83497.91,483.42,40460964.0,83796.84,direct,
47924,2025-04-12 13:00:00,84642.49,83545.1,83796.84,1601.61,134680470.87,84430.47,direct,
47925,2025-04-12 14:00:00,85223.32,84289.06,84430.47,1934.18,164028110.09,84818.98,direct,
47926,2025-04-12 15:00:00,85379.27,84621.39,84818.98,1245.76,105951437.2,84986.39,direct,
47927,2025-04-12 16:00:00,85171.82,84559.76,84986.39,766.93,65082638.34,84635.36,direct,
47928,2025-04-12 17:00:00,84834.14,84402.03,84635.36,617.9,52294779.43,84733.87,direct,
47929,2025-04-12 18:00:00,85176.38,84727.36,84733.87,494.53,42019264.82,85157.34,direct,
47930,2025-04-12 19:00:00,85243.15,84832.05,85157.34,629.91,53558980.35,84928.76,direct,
47931,2025-04-12 20:00:00,85899.74,84882.0,84928.76,1080.11,92285522.22,85507.43,direct,
47932,2025-04-12 21:00:00,85559.01,85265.13,85507.43,682.99,58326987.7,85371.87,direct,
47933,2025-04-12 22:00:00,85689.51,85327.99,85371.87,294.71,25198940.31,85335.31,direct,
47934,2025-04-12 23:00:00,85413.3,85167.85,85335.31,345.11,29433605.49,85272.12,direct,
47935,2025-04-13 00:00:00,85546.13,85010.92,85272.12,508.34,43364868.73,85489.01,direct,
47936,2025-04-13 01:00:00,86079.47,85131.36,85489.01,1186.34,101540205.31,85253.37,direct,
47937,2025-04-13 02:00:00,85399.69,84728.93,85253.37,923.27,78508782.47,85279.84,direct,
47938,2025-04-13 03:00:00,85689.6,85226.29,85279.84,566.01,48342922.87,85414.24,direct,
47939,2025-04-13 04:00:00,85417.93,84479.43,85414.24,676.84,57444065.57,84592.44,direct,
47940,2025-04-13 05:00:00,84781.39,84391.2,84592.44,343.62,29062645.28,84497.64,direct,
47941,2025-04-13 06:00:00,84819.84,84448.16,84497.64,198.6,16811906.58,84600.84,direct,
47942,2025-04-13 07:00:00,84750.18,84410.93,84600.84,146.66,12408850.16,84410.93,direct,
47943,2025-04-13 08:00:00,84658.66,84272.16,84410.93,255.86,21604619.53,84641.33,direct,
47944,2025-04-13 09:00:00,84920.61,84493.64,84641.33,211.23,17896107.62,84886.46,direct,
47945,2025-04-13 10:00:00,84916.92,84508.84,84886.46,266.4,22563244.98,84672.38,direct,
47946,2025-04-13 11:00:00,84732.85,84204.87,84672.38,357.38,30169320.35,84494.42,direct,
47947,2025-04-13 12:00:00,84652.65,84226.9,84494.42,569.5,48069709.08,84419.55,direct,
47948,2025-04-13 13:00:00,84572.79,83465.54,84419.55,1029.39,86491935.71,83559.3,direct,
47949,2025-04-13 14:00:00,84113.12,83462.69,83559.3,874.76,73356469.9,84056.97,direct,
47950,2025-04-13 15:00:00,84057.36,83644.96,84056.97,539.01,45163547.58,83819.5,direct,
47951,2025-04-13 16:00:00,84384.86,83811.39,83819.5,777.25,65414874.94,84202.33,direct,
47952,2025-04-13 17:00:00,84972.18,84171.91,84202.33,960.22,81326787.33,84753.16,direct,
47953,2025-04-13 18:00:00,84927.21,84517.94,84753.16,545.68,46233165.12,84709.04,direct,
47954,2025-04-13 19:00:00,84711.46,83039.82,84709.04,1441.26,120861623.33,83954.33,direct,
47955,2025-04-13 20:00:00,84397.65,83149.98,83954.33,1267.34,106182382.22,83476.35,direct,
47956,2025-04-13 21:00:00,83784.7,83019.76,83476.35,1160.03,96706091.73,83578.76,direct,
47957,2025-04-13 22:00:00,83839.35,83148.06,83578.76,797.64,66533054.84,83311.02,direct,
47958,2025-04-13 23:00:00,83810.68,83151.25,83311.02,708.29,59130228.15,83730.92,direct,
47959,2025-04-14 00:00:00,85091.21,83667.03,83730.92,1623.46,137214115.9,84300.12,direct,
47960,2025-04-14 01:00:00,84636.91,84061.91,84300.12,832.01,70212460.88,84206.32,direct,
47961,2025-04-14 02:00:00,85487.64,84017.76,84206.32,1424.2,121009296.44,85096.1,direct,
47962,2025-04-14 03:00:00,85104.31,84439.23,85096.1,898.44,76145625.83,84543.6,direct,
47963,2025-04-14 04:00:00,85070.99,84407.2,84543.6,363.84,30832620.17,84849.45,direct,
47964,2025-04-14 05:00:00,84967.38,84325.35,84849.45,307.28,25982978.36,84547.26,direct,
47965,2025-04-14 06:00:00,84624.57,84272.87,84547.26,283.71,23957183.23,84604.81,direct,
47966,2025-04-14 07:00:00,84754.59,84209.64,84604.81,280.38,23689595.69,84562.49,direct,
47967,2025-04-14 08:00:00,84938.63,84436.73,84562.49,522.04,44206198.99,84748.08,direct,
47968,2025-04-14 09:00:00,84883.3,84242.35,84748.08,353.64,29890717.7,84434.83,direct,
47969,2025-04-14 10:00:00,84803.44,84303.72,84434.83,422.29,35716873.78,84647.82,direct,
47970,2025-04-14 11:00:00,84945.03,84495.5,84647.82,460.15,39014279.68,84914.71,direct,
47971,2025-04-14 12:00:00,85209.88,84750.45,84914.71,740.53,62940204.87,85115.72,direct,
47972,2025-04-14 13:00:00,85263.67,84058.77,85115.72,2170.79,183716003.63,84360.92,direct,
47973,2025-04-14 14:00:00,85796.21,84251.63,84360.92,2542.45,216371606.37,85423.59,direct,
47974,2025-04-14 15:00:00,85457.23,83719.44,85423.59,2490.46,210454554.78,84096.05,direct,
47975,2025-04-14 16:00:00,84666.02,83852.26,84096.05,1597.67,134687593.78,84342.76,direct,
47976,2025-04-14 17:00:00,84891.05,84212.84,84342.76,1418.92,119920015.49,84865.88,direct,
47977,2025-04-14 18:00:00,85065.92,84691.48,84865.88,1185.08,100633859.44,84989.95,direct,
47978,2025-04-14 19:00:00,85209.81,84781.4,84989.95,1687.97,143491448.83,84902.91,direct,
47979,2025-04-14 20:00:00,84967.98,84540.02,84902.91,1028.09,87124352.35,84851.48,direct,
47980,2025-04-14 21:00:00,84963.72,84448.45,84851.48,536.68,45459916.21,84707.93,direct,
47981,2025-04-14 22:00:00,84738.73,84431.02,84707.93,552.26,46709882.9,84506.56,direct,
47982,2025-04-14 23:00:00,84760.82,84420.22,84506.56,396.26,33517836.19,84575.75,direct,
47983,2025-04-15 00:00:00,84942.12,84352.96,84575.75,646.93,54776644.3,84916.82,direct,
47984,2025-04-15 01:00:00,85119.62,84537.08,84916.82,713.16,60541461.04,84956.63,direct,
47985,2025-04-15 02:00:00,85279.54,84692.63,84956.63,635.82,54022649.33,85221.49,direct,
47986,2025-04-15 03:00:00,85397.37,85071.44,85221.49,595.79,50781130.09,85366.46,direct,
47987,2025-04-15 04:00:00,85510.79,85152.94,85366.46,326.77,27881377.26,85483.3,direct,
47988,2025-04-15 05:00:00,85850.71,85481.09,85483.3,472.64,40482047.09,85538.4,direct,
47989,2025-04-15 06:00:00,85671.78,85350.09,85538.4,298.8,25546900.95,85383.75,direct,
47990,2025-04-15 07:00:00,85766.21,85381.25,85383.75,327.54,28048462.18,85738.5,direct,
47991,2025-04-15 08:00:00,85973.61,85669.33,85738.5,542.46,46563269.13,85836.63,direct,
47992,2025-04-15 09:00:00,85975.5,85604.09,85836.63,344.91,29605756.86,85975.15,direct,
47993,2025-04-15 10:00:00,85992.45,85449.08,85975.15,371.14,31797794.65,85640.86,direct,
47994,2025-04-15 11:00:00,85669.23,85359.29,85640.86,378.65,32374697.62,85584.02,direct,
47995,2025-04-15 12:00:00,85816.05,85442.59,85584.02,508.15,43501246.13,85813.4,direct,
47996,2025-04-15 13:00:00,86473.18,85526.17,85813.4,2046.32,175934478.4,85594.4,direct,
47997,2025-04-15 14:00:00,85982.54,84846.14,85594.4,2770.76,236378651.6,85152.78,direct,
47998,2025-04-15 15:00:00,85385.78,84631.27,85152.78,1100.22,93570088.53,84910.5,direct,
47999,2025-04-15 16:00:00,85141.7,84782.98,84910.5,729.46,61979469.32,84851.68,direct,
48000,2025-04-15 17:00:00,85002.19,84424.69,84851.68,801.61,67941868.18,84483.44,direct,
48001,2025-04-15 18:00:00,84600.58,84151.89,84483.44,993.28,83802676.24,84199.37,direct,
48002,2025-04-15 19:00:00,84220.66,83899.45,84199.37,1055.53,88732688.12,83994.77,direct,
48003,2025-04-15 20:00:00,84202.62,83813.54,83994.77,591.03,49648074.53,84020.0,direct,
48004,2025-04-15 21:00:00,84227.7,83889.39,84020.0,383.76,32262364.85,84179.97,direct,
48005,2025-04-15 22:00:00,84179.98,83691.04,84179.97,781.93,65619748.82,83832.2,direct,
48006,2025-04-15 23:00:00,83854.15,83596.04,83832.2,793.32,66394331.32,83638.17,direct,
48007,2025-04-16 00:00:00,83682.54,83131.04,83638.17,981.76,81862472.62,83143.33,direct,
48008,2025-04-16 01:00:00,83642.57,83094.96,83143.33,839.19,69996234.71,83625.21,direct,
48009,2025-04-16 02:00:00,83909.38,83583.2,83625.21,549.84,46060095.2,83881.99,direct,
48010,2025-04-16 03:00:00,83931.48,83655.79,83881.99,286.76,24035849.77,83686.23,direct,
48011,2025-04-16 04:00:00,83777.8,83396.63,83686.23,362.81,30312216.44,83577.58,direct,
48012,2025-04-16 05:00:00,83805.64,83218.31,83577.58,419.19,34987979.85,83361.73,direct,
48013,2025-04-16 06:00:00,83713.15,83272.61,83361.73,289.15,24151516.14,83646.7,direct,
48014,2025-04-16 07:00:00,83747.58,83305.23,83646.7,483.34,40344026.12,83349.65,direct,
48015,2025-04-16 08:00:00,84104.46,83143.45,83349.65,917.78,76751471.7,83729.64,direct,
48016,2025-04-16 09:00:00,83922.93,83600.13,83729.64,440.48,36900309.63,83600.48,direct,
48017,2025-04-16 10:00:00,83981.81,83575.87,83600.48,385.46,32320015.32,83942.14,direct,
48018,2025-04-16 11:00:00,84125.29,83780.03,83942.14,386.86,32492415.49,84033.94,direct,
48019,2025-04-16 12:00:00,84257.56,83735.21,84033.94,654.57,55001216.71,83764.28,direct,
48020,2025-04-16 13:00:00,84192.5,83502.38,83764.28,1280.57,107339203.16,83745.5,direct,
48021,2025-04-16 14:00:00,84849.29,83729.55,83745.5,1935.04,163277995.72,84605.78,direct,
48022,2025-04-16 15:00:00,85262.74,84508.53,84605.78,2075.78,176285175.84,84848.63,direct,
48023,2025-04-16 16:00:00,84861.07,84848.63,84848.63,1.126,95526.29,84855.22,direct,
